정말 왕컴맹입니다. 검색하고하고 열심히 찾아보고 가성비좋다고 생각하여 구매했어요 두근두근 근데 생각보다 많이느리네유ㅜㅠ..매뉘ㅜㅜ원래 이렇게 느리고 느린건가요?전에쓰던 똥컴이 더빠른듯여부팅빠르다더니미친듯이느리네여..,0
왜 결점이 흑점 하나가 있는건지.. 힘들게 돈벌어서 노트북 삿는데 불량화소 하.. 진짜 왜 이런건 불량이 아닌건지.. 고객센터에 혹시라도 환불및교환이나 as 라도 받을라 하는데 다른말반복80만원 날렷다 하하하 기부햇다 생각해야지,0
성능과 디자인.. 소음 등은 무난하지만.. 마감이.군데군데 좋지.않아요 들뜸도 보이구요.. 배송도 이중박스가 아니라 뽁뽁이.포장만.되어있어서.기사.잘못.만나면 파손.위험 있어요..,0
ssd추가했는데 1테라하고 128기가가나와야하는거아닌가요? 995메가가 나오는게 128기가 ssd가 설치가 안된게아닌가 싶네요 아울러 부팅도 너무 느려요..확인하시는대로 답변부탁드려요,0
배송 빠르고 가성비 좋아요 단 쿨러 연결선 너무 짧아요 usb 단자도 너무 부족해요 우측 측면에 usb 단자 등 뭐라도 만들어져 있음 좋을 듯 하네요 우측 측면이 너무 허전해요 usb 허브 꼭 필요하네요,0
색상이 핸드폰의 화질과 비교시 극명하게 나타남 화질이 더 희고 색이 약함 먼가 뚜렷하지 않다고 해야하나 그 외에는 좋음 아 휠을 내려서 볼때 작은소리로 찌직? 하는 소리가 들림 조용할때는 신경쓰임,0
최악의 배송. 로젠택배 기사 진짜 너무하네요. 전화도 안받고 문자 씹고. 그럴꺼면 왜 택배기사 전화 오픈해놨는지. 2틀동안 배송중이라 어디도 못가고 집에서 2틀동안 스트레스 받은거 생각하면. 부들부들..,0
주문하고 한-참 있다가 온건 알고 있던거니까 이해 하지만 노트북에 나사가 없이 온건 이해할 수 없습니다 사전에 한번 열어서 그런고는 알고 있는데 그러면 제대로 재조립을 하셔야지 이게 뭡니까...,0
보증기간이 구매한 날짜부터가 아니고 2019/11월부터 시작되어있는게 이상하다고 생각..소음은 게이밍 치고 시끄럽단 느낌은 안들지만 별거 안하고 있을때도 팬이 엄청 돌아가는 소리가 자주남,0
성능은 좋아요. 다만 배송이 휴일 껴서 7일정도 걸려서 조금 그랬습니다. 그리구 저만 그런건지 배터리소모 가 빠르네요. 또 블루투스 기능이 별루 네요!,0
결제한 물건이 안오는건 너무했습니다 배송느린건 어차피 기다리면 되는건데 그렇게 바빠도 두번은 확인하고 배송해줘야 하는거아닌가요.. 실망입니다,0
"받자마자 사양 확인하고 있었는데, 그래픽카드가 인베디아 gtx1650이 아님ㅋㅋㅋㅋㅋ어이없어서 웃음밖에 안나옴....ㅋㅋ",0
이제품 쓰지마세요 어지간하면 그냥 작업용으로쓰는데 오류도 너무 않구요 안좋아요. 인터넷도 연결안되는 오류 해결도안되고,0
박스도 없이 ？s？s이 두겹 둘둘해서 오는 배송은 뭐죠?성능은 뭐 양품인거같아 만족하는데 배송이 황당하네요,0
들고다닐생각마시고 집에고이모셔두고 쓰실거면 추천이요근데 욪ㄷㅁ 왜 그램그램하시는줄아시죠? 추가하고뭐하고하면똑같은거같습니다,0
가성비는 좋아요기본세팅이 안되어있고 gpt로 바꿔야하고 좀 귀찮긴 한데 가성비 좋아요,0
윈도우 안박힌놈일시 ssd512 이벤튼지 모르고박힌놈으로 256 받았는데 무척 섭섭하네요..그냥 그렇다구요ㅜ,0
이 가격에 이런 사양이라니 받아보고도 믿기지 않네요. 가격 정말.. 와...,0
가격 착하고 노트북 상태 만족스러워서 뭐 배송느린거 참기힘들었지만 어쩔수없죠뭐,0
배송도 느리고....배터리리도 광탈이구사양은 마음에 드네요 가격이랑....,0
여기 노트북 램카드추가할때 장착되서 오는게 아니라 따로오니까 알아두시길 바랍니다.,0
추가금 주고 장착한 삼성 ssd에 파티션이 2개잡혀 있습니다. 사용흔적이 있네요.,0
편하게 인강 듣기 위해 광축 키보드 게이밍마우스노트북스탠드도 샀습니다~^^,0
블랙으로 주문했는데 표면이 반은 블랙이고 반은 블루색 같네요. 정상인가요?,0
가격대비 좋은 제품입니다 단하나 밧데리 사용시간이 넘 짧아요,0
배송을 너무 오래 기다렸지만 물품은 가성비 좋아요,0
제품 마감이 상당히 별로인듯 특히 터치패드부분이 ㅋ,0
욕을 참고 리뷰한다판매자야다시는 그러지 말자형이 착해서 봐준다,0
아직 도착했다고 뜨지도 않았는데 원래 구매 후기가 뜨는건가용,0
상품은 멀쩡하나 택배상태가 안좋아져서 마음아팠어요ㅠ,0
배송 시스템 엉망배송 느려도 좋으시면 주문하세요,0
예상했던 것보다 지연된 배송에 불만이 많았으나.,0
제품 자체는 가성비 좋습니다만..,0
좀 투박한 느낌이지만 아이가 만족해하네요,0
배송 느렸지만 제품은 만족합니다...,0
배송너무느리고 뽁뽁이에 배송되서 당황,0
일딴잘받앗습니다 배송은그럭저럭이구요,0
좋네요. 평상가로 사기엔 좀.‥,0
본체도 무겁고 베터리도 무겁고,0
제품 내구성이 약해요ㅠ,0
좋아요... 감사합니다.. 우리 아이 넘 좋아하네요..,0
굿,0
2주이상 기다릴 수 있는분들에게는 좋은 상품일지도..ㅋ,0
이거 어캐함? 키자맞아 이래나오는 어캐함,0
배송이 너무 늦었음 제품은 좋아요,0
"윈도우미탑재모델을 구매한 삼섬빠의 자존심 상한 설치 리뷰 10년동안 삼성노트북, 핸드폰을 사용하고 있는 삼성빠입니다. 디자인도 좋고 성능또한 좋을 것으로 생각됩니다. 그런 글들이 대다수니 솔직한 설치 리뷰도 필요할 듯해서 짧게 씁니다. 위사진이 전부 다입니다. 윈도우만 미포함이 아니고 그 흔한 파우치 도 빠져있습니다. (윈도우포함은 파우치포함으로 알고 있음) 약간 자존심이 상했습니다 설치과정이 매우 매우 불편합니다 (컴맹 아님.. ) 일부러 불편하게 만들었나? 윈도우포함버전 사라고 일부러 불편하게 만들었나? 생각이 확신에 가깝게 듭니다 지인 lg그램 한달전 샀었는 데 윈도우 미포함 모델로.. 노트북켜자 윈도우설치 안내가 자세히 나와있고 드라이버나 칩셋도 미리 별도로 하드에 보관되어 있었던 것과 천지 차이입니다. 특히 필수 프로그램을 한번에 깔지 못하고 20여개를 하나하나 다운받아 설치하며 조금 싸게 사려던 것에 대한 굴욕감이 들었습니다. 간단한 기타 리뷰 키보드는 그럭저럭합니다. 키패드재질이 조금만 더 잘 미끄러졌으면 하는 아쉬움이 있습니다. 쉽게 말해 뽀송뽀송하지 않고 손에 땀이나 물기 있으면 터치패드 잘 안미끄러집니다. -충전기 이쁩니다. 크기도 적당합니다 -화질 좋습니다. 밝기 괜찮구요. 키패드 백라이트 맘에듭니다.^^",0
구매 내역(windows10 미설치)NT950XCR-G58A+SSD512G교체+RAM16G추가+UFS256G+가방일단 노트북 사양 정하믄 과정에서 cpu를 살짝 잘못 선택했으나 그냥 사용하기로 했습니다.(본인 실수)윈도 미설치로 구매하시는 분은 가능하면 미리 삼성 소프트웨어 업데이트 앱 다운 하신다음에 무선랜 드라이버를 usb같은곳에 다운 해두길 추천합니다.직딩이라 업무용으로 사용할려고 구매하였습니다.용도는 캐드3d 솔리드웍스3d pcb설계 프로그램을 사용할려고 합니다.3d는 파츠 몇개 띄우니 버벅되기 시작하더군요.(예상은 했습니다.)복잡하고 파츠가 많은 설계가 아니라서 이부분도 일단 오케이.성능은 사용하는 프로그램들 좀더 깔고 돌려보아야 어느 수준인지 판단이가능할듯합니다.외형이나 무게는 15인치 사양에 가볍고 맘에듭니다.단점은 엔터키가 작습니다.또한 개인적인 생각으론 디스플레이쪽이 충격에 약할듯합니다.,0
L사의 핫하다는 제품과 여러 장단점들을 비교해보고 수많은 리뷰들을 읽어본후에 선택하였습니다. 신제품이니 부팅속도는 당연히 빠르고 무게도 무겁다고는 느껴지지 않습니다. 많은 리뷰어들이 지적한 타자감은 호불호가 갈릴거 같긴한데 저는 괜찮았습니다 . 크게 불편함을 못느꼈어요. 이것보단 우측 쉬프트키가 작아진게 좀 아쉽게 느껴지네요.팬소음은 좀 있어요 .조용한 독서실에서 주로 사용하시면 잔잔한 파도소리(?)에 가끔 놀라실지도 모르겠어요. 자신의 주 사용용도를 잘 생각해보시고 구매하셨으면 좋겠어요.개인적인 견해를 말씀드리자면 L사의 제품과 비교했을때 경량성과 팬소음을 제외하곤 성능적인 면에서는 더 낫다고 봅니다,0
우선 디자인이 정말 잘 나왔습니다뒤에 힌지를 블루로 포인트 준 게 정말 마음에 듭니다무게도 적당하구여 베젤도 두껍지 않아서 이쁩니다그런데 mx250을 넣었음에도 불구하고 롤에서 가끔 핑이 튑니다 중옵으로 돌렸는데도 말이죠롤에서 튈정도면 그 이상 게임에서는.. 말 안해도 뻔하네요참고로 최고성능모드를 키고나서 게임진행했습니다키 감에 대한얘기가 많던데 저는 적응 금방했습니다키 감보다는 우측 쉬프트가 절반으로 잘린게 은근 불편하네요생각보다 많이 사용합니다음질은 뭐 그냥 그렇고 화질은 깨끗하네요팬은 가끔씩 돌아갑니다 당연한거지만 게임하면 계속돌아가구여전체적으로는 괜찮네요 쓸만합니다,0
윈도우 제외제품을 구매하는것은 가격이 저렴해서인데..가격도 사양대비 저렴한편은 아닌듯함.그나마 지마켓 이벤트로 현재대비 저렴하게 구매한것에 위안을...또한 윈도우 설치가 너무 불편함이 있음. 자세히보지 않고 모든 파티션 삭제후 설치한것이 가장큰 실수이기는하나 홈페이지에 드라이버가 없어 정말 힘들었음. 유서랜이라도 있었으며..좋았을텐데...인기제품이라 주문폭주로 배송이 너무 느림..현재는 이벤트 종료 어떠한지 모르겠네요.아직 실사용을 많이 하지 않아 잘 모르겠으나..윈도우 설치에 고생을해서인지 별로 추천하고 싶지는 않는 제품입니다.,0
배송 빠르게 왔는데 조금 아쉬운점이 비닐로 포장되어있는 박스 안에 벌레 다리가.. 들어있네요..하하..기계자체는 아무 문제없어서 다행이라고 생각하고 있습니다.freedos를 처음 사봐서 설치하는데 조금 어려움은 있었지만 그래도 다행히 설치해서 지금도 잘쓰고있습니다.온라인 오프라인 여러곳을 찾아봤는데 이번 행사가 노트북 성능 대비 가격도 저렴하게 잘 사서 매우 만족입니다. 디자인도 정말 예쁘고 무게도 가벼운 모델이라 들고다니며 사용하기에도 전혀 부담이 없을 것 같습니다,0
"디자인, 화질이 너무 좋아서 구매하게 됐는데, 드라이버 설치중 화면(액정)에 문제가 있어 다른제품으로 교환 받고 하면서 짜증도 나고 삼성에 대한 신뢰도로 많이 떨어졌습니다만, a/s는 빨리 대응해주셔서 좋았습니다. 윈도우 설치시 바로 안돼서 하드디스크 설정을 바꿔줘야 하고, 윈도우 설치후 인터넷 연결이 바로 안되는 것은 불편했습니다. 디자인이나, 화질, 부팅 속도등 성능은 너무 좋습니다. 가끔 팬돌아가는 소리가 거슬리지만전체적으로 만족합니다.",0
"사양도 괜찮고 경량인 노트북이 어느정도 가격이 나가는걸 감수하시고 다들 마음먹고 구입하실텐데요. 배송을 이렇게 해주십니까?!박스는 줄 쫙가게 구겨져있고, 테이프 한쪽은 뜯겨서박스 윗부분은 벌려져 열리고,박스안에 고정물도 없어서 안에 노트북 박스가 덜컹덜컹 거리더라구요?박스를 열어보니 저렇게 에어캡 2번 말려져서 담겨있는게 끝이네요. 저 상태로 박스 구겨진만큼 얼마나 던져지고 눌려서 충격을 받았을지 도저히 화가나서 더 이상 뜯지도 않았습니다. 이 글 보시면 담당자분 연락주시기바랍니다.",0
저렴한 노트북 구입했다가 성능이안좋아 삼성으로 구매했습니다 디자인 속도 성능 모두 만족합니다 다만 마우스가없어서 윈도우설치하는데 힘들었네요 배송도 괜찮게오지만 박스가 조금 파손되었네요 물건에는하자없으니 사용하겠습니다 키보드 배치 가조금불편하지만 그럭저럭 쓸만합니다 처음에 팬소리가 거슬립니다 생각보다 소리가 크네요 기능면에서는 더사용해봐야할것같습니다 배송이좀 느린거랑 박스상태 뺴고는 전체적으로 만족합니다,0
배송는은 생각보다 빠른 편입니다. 오래 기다릴 생각으로 마음 먹었는데 2일 후에 도착 했더라구요. 일이 바빠 며칠 후에 개봉해 Ssd 업그레이드 했습니다. 후판이 어찌나 약하게 생겨 먹었는지 휘어 질까바 조마조마 하면서 겨우 제거 했습니다. 메모리추가는 불가 인것 같습니다. 꽂을 잭이 없어서요. 업그레이드 한 후 아직 OS가 없어 구매 후 설치 할 예정입니다. 제품은 그전에 쓰던 것보다 훨씬가볍고 디자인도 맘에 듭니다. 단점은 OS 설치 후 며칠 더 써 봐야 겠습니다.,0
"상품주문후배송은3일만에왔네요. 판매처에서자세한설명이없어몇자적어보네요. 윈도우설치모델950xcr-g58a주문했는데 950xcj-x58a로왔네요.모델번호가조금다르네요.윈도우s/n번호도없네요.판매처에유선확인,.공장에서설치해서나온거라모르것다함.반품하고프리도스로다시주문하고싶은데업글해서반품도안되네요. 윈도우설치모델주문하실분은참고하세요.전 렘과.하드를업그레이드해서반품도못하고걍써야겠네요.",0
생각 보다 실물이 이뻐요 디스플레이도 선명하고 좋습니다 키보드도 생각한것 이상으로 좋습니다윈도우 도 잘 설치 되고 문제없이 잘 작동합니다업데이트할때 생각보다 소음이 조금 있고 발열 감도 생각보다 조금 있네요 그리고 4k비디오는 렉이 많이 걸리고 유튜브도 끊김 현상이 조금 있네요 그리고 힌지가 고무 패킹 안되어 있는게 최대 단점이라고 생각하네요 조금만 쓰면 힌지 부분이 닳을것 같은데 해결책을 주셨으면 좋겠네요,0
기다리던 노트북이 생각보다 일찍 배송이 왔구요.새학기 시즌이라 조금 저렴한 가격에 잘 구매 한 것 같습니다. 기존 노트북도 8년된 삼성 제품이였는데 확실히 무게감이 다르더라고요.너무나이번 이온 은 디자인도 너무 예쁘고 앞으로의 사용이 기대됩니다.단 박스에 포장되어 왔는데 얼마나 배송이 튼튼하지 못하고 험하게 왔는지 삼성 박스 모서리에 쿵 한걸 보면...,0
"첫째는 메이저 브랜드일 것!물론 중소 브랜드 노트북도 잘 찾아 보면 좋은 제품들 많은 것 알아요. 하지만 가장 큰 건 A/S 면이었어요.사용한 지 얼마 되지 않아서 A/S를 받을 일이 있는데 그 과정이 너무 불편하거나 센터가 너무 멀면 힘들잖아요. 그래서 반드시 메이저 브랜드 제품을 사자고 생각했는데, 마침 갤럭시북이온 노트북이 제 눈에 쏙 들어온 거죠",0
"LG 그램과 비교하면서 많은 정보를 찾아본결과 갤럭시 이온을 구매하게 되었습니다. 배송은 10일 정도 소요되었고, 상품은 안전하게 도착했습니다. 현재 풀충전시 5시간 정도 사용가능하고 배터리 불량으로 판단되어 서비스센터 방문할예정입니다. 무게는 광고 그대로 정말 가볍습니다.",0
상품 자체는 완전 마음에 듭니다근데 마우스 누락을 사전에 연락 못 받은게 조금 그렇네요언제 보내주시는지 먼저 연락주시는게 맞다고 생각합니다깔끔하고 이쁩니다 잘 쓰겠습니다#삼성전자#갤럭시아카데미#노트북#대학생노트북#입학선물#갤럭시북플렉스#갤럭시북이온#갤러시북5#후기이벤트#후기응모,0
배송은 램 추가해서인지 4일정도 걸렸고 윈도우 미포함 이라 설치는 따로 했는데 인터넷 설치는 랜선 어댑터 없으면 좀 힘드네요.궁금한거는 전화로 문의했는데 친절하게 응대 잘 해주셨어요.설치하는데 준비가 좀 많이 필요해요. 화질 좋고 얇고 예쁘네요.,0
일단 가벼워서 좋긴한대 윈도우미포함 버전이라 설치후 네트워크 활성화가 안되서 한참 애먹었음. 인텔 최신 버전이라 윈도우에서 인식이 안되네요. 예약 구매때 구매할껄 후회됨,0
"물건을 받아보고 바로 사용해야 하는데,,, 윈도우 10이 안까려서리.,ㅡ, 아직도 박스안에 있네요~깔기가 장난 아닌거 같네요ㅕ",0
재고소진으로 오래 기다려 배송 받았지만. 그램이랑 이온 고민 많이 했는데 받고보니 더욱 더 이온으로 사길 잘 한거 같아요,0
응대도 별로고 제품도 불량이 와서 교환하고 고생만 헸어요,0
포장지에 곰팡이가 피어서 받을 때 불쾌했 습니다,0
바로 먼가이상해서 서비스센터 다녀왓어요ㅜ,0
배송이 너무너무 늦습니다..,0
"기본옵션 선택시 가성비 노트북입니다. 3.13. 주문하였고 배송 받기까지 약 3주간의 기간이 걸렸습니다. 제품 주문당시 하드 512GB 교체, 램 8GB 추가하였으나, 배송을 기다리는 동안 집에서 사용하지 않고 있던 SSD를 발견하여 제품 출고 전(통관심사중) 판매자에게 전화하여 상품 출고가 되지 않았으면 옵션을 수정(집에 하드가 있으니 512하드를 취소하고 기본하드로 변경) 해 줄 것을 요청하였습니다. 전화 받으시는 분은 상품은 아직 출고되지 않았고 주문 순서대로 출고 대기중이다, 11번가 정책상 한번 주문이 들어오면 옵션 변경은 불가하다, 옵션 변경을 원하면 주문 취소 후 재 주문해서 5월 말에 상품을 받아라 는 답변이었습니다. 물론 옵션 변경은 하지 못한 채 전화를 끊었고 처음 주문대로 상품을 받았습니다. 3주간 기다린 것도 힘들었는데 재주문 해서 2달을 더 기다릴 엄두가 나지 않았기 때문입니다. 다른 소비자분께서는 주문시 옵션 선택에 신중하시기 바랍니다. 도중에 마음 바뀌면 2달 기다릴 각오로...... 넋두리 끝",0
"최악입니다. 4월 9일 주문 / 6월 2일 수령 거의 만 2개월 채워서 수령했습니다. (원래 예약판매였으나, 기존 수령예정일 5월 2주차 였음) 갖가지 이유로 거의 2개월만에 받았거만, 문자 혹은 전화로 어떠한 연락도 못받았습니다. 일단 기본적으로 고객을 우습게 아는 것 같구요, 문의글 두번 남겼는데, 메크로 답변만 달릴뿐 어떠한 개인적 연락도 못받았습니다. 사과의 의미로 무선마우스 줬는데, 뭐 차라리 일찍받고 안받아도 되는 질의 사은품이구요.. 제 리뷰글 읽으시는 분은 2달 기다릴 작정 하시고 구매하시던지 정 못기다리실 것 같으면 다른 상품 혹은 다른 판매자한테 구매하세요. 기분 너무 안좋은데 그냥 글 더 적으면 제 기분 더 다칠까봐 여기서 마무리합니다. 제 리뷰글 새겨들으세요",0
상품 3일간테스트해보니 성능은 괜찬아요 근데 노트북이 배송에 취약한데 포장이 진짜 쓰레기에요 뾱뾱이 3겹감아서 그냥 흔들리게 노북보다 큰상자에 택배왓네요 택배사에서 집어던지는거 뭐뭐통운에 판넬건물증축하러갓다가 택배물 어떠케 대하는지 다보고온 저로선 포장 진짜 5점중 0점드리고싶네요 아니면 상자에 꽉차게 뾱뾱이를 감던지해야지요 이건뭐 배달중 파손되서 아수스에 어렵게 불량판정받아서 교환해라 이런마인드인가요?,0
"안녕하세요. 128기가에 메모리 8기가 추가 장착으로 구매 주문 해서 오늘 노트북 받았는데, 128+8GB = 136GB이잖아요? 근데 지금 이키 118.61GB밖에 없고, 디스크관리에 'OEM 파티션 상태로 ㅡ 복구' 가 있습니다. 발열도 소음도 심하구요사진보시고 연락바랍니다.",0
다른 불만은 없는데 초기불량 액정 화이트 스팟이 걸려서... 심지어 이해할 수 없는 수리보증 정책으로 신품으로 교환하게 교품증도 안끊어줌.. 패널 교체만 된다 해서 수리하고 팔아버렸습니다. 역시 한국에서 레노버 hp acer asus 이런 브랜드는 사는거 아님. 삼성 엘지 추천해요,0
1달 사용후기 남깁니다. 9월 8일 전후에 구매한것으로 기억하구요. 갑작스런 메인보드 이상으로 서비스센터 맡기고 옵니다... 싼게 비지떡인걸까요.. 메인보드 이상이라니요~^^ 가끔 펜소음 심하게 날때가 있긴해요. 났다안났다 반복하던데 왜그러는진 모르겠고...발열 별로 없고 1달 동안 잘 사용했습니다,0
"제품 자체는 너무 좋습니다. 가성비도 좋고, 디자인도 고가 제품과 견줘도 문제가 없을 정도로 만족스럽습니다. 근데 배송이 계속 밀리고 밀려서 1달 넘게 기다려야 해서 너무 아쉬웠습니다. 그래서 무선 마우스 하나 사은품으로 줘서 그점은 감사했습니다.",0
이거 뭔가요? 제가 잘 몰라서 그러는데 램8기가 무상업에 하드는 ssd256기가로 업 해서 구매했습니다. 개봉해서 설치까지 하는거로요. 그런데 이게 들어있는데 이건 어따쓰나요? 진심으로 몰라서 묻는겁니다. 일단 충전하고 노트북 켜볼게요,0
"뭐 무게는 생각보다 가벼운편인거같고 디자인은 이쁜데저 사진에 빨간 동그라미 부분이 올라가서 수평ㅇ 안맞는거같은데 이거 왜이러져? 반대쪽은 딱 바닥에 맞는데 저부분ㄴ만 올라가서 덜컹덜컹 거려요 ;;;,;; 어디에 문의해야할지 모르겠는데 불쾌하네요",0
휴대용으로 쓸 거면 완전 비추입니다. 밧데리가 너무 작네요... 집에서 쓰실 거면 데탑이 낫고요. 프리도스로 샀으면 드라이버cd 보내줘야 하는 거 아닌가요? 아니면 설명을 잘 해주시든지... 인터넷이 없는 곳에서는 설치를 하지 말란 말인가요?,0
새 제품 보내주신거 맞나요? 램 추가할려고 열어보니 기스도 많고 지문자국에 매직으로 체크한게 노트북케이스에 빨간게 묻어나오고....조금 실망입니다.. 윈도우깔아보고 사용하는데는 문제없는거같아서 반품신청은 안하지만 좀 찜찜하네요,0
구매해서 윈도우10 깔고 쓰는데 요즘 노트북 생각하시면 안됩니다 가성비가 좋다는 건 가격 대비 괜찮다는 것이니 너무 큰 기대하지 마세요,0
두 달 넘게 기다리고 받았습니다. 이체 하교 등교하는 타임에 도착했어요. 참으로 아쉽고 안타까운 상황에 동영상강의나 인터넷강의용으로 활용하려고 구매했는데 목적과 다르게 전개되어서 유감입니다.,0
히트파이프가 cpu에 닿지 않아서 발열이 심해서 성능이 점점 떨어지네요 원래 롤 최상옵 50~60프레임이던게 3일후에 최하옵에서 한타때 8프레임까지 떨어졌네요 ;,0
안녕하세요 상품 받아서 윈도우 설치하고 크롬 켜서 네이버로 들어갔는데요 처음보는 아이디가 자동 세팅되어있는데 이게 어떻게 된건지 연락주세요.,0
성능도 나름괜찮구다좋았는데화면에 그래픽이 점하나가 나갔네요모니터사용할때마다 시야에 계속들어옵니다신경쓰이는데 교환하는게 더 귀찮아서 사용합니다,0
기대했던 것만큼 성능이 좋은 것 같지는 않네요. 하지만 이 정도면 후회되는 쇼핑도 아닙니다. 무난한 선택이었다고 생각합니다.,0
제품은 좋지만 판매자 수준은 딱 용팔이 그자체..전화와서 무시하는 말투로 우리 업계는 원래이래요하는데 딱 수준보임,0
초록화면이 유튜브볼때 자주 저러는데 노트북이 문제가 있는건가요? 3월3일배송받은겁니다.,0
사자마자 예약구매로 8만원 내리는 가격 후려치기해서 아쉽네요 품질은 좋습니다,0
불량품 도착인듯합니다. 빠른시일내 처리가 되었으면 좋겠네요. 리뷰수정하는 그 날을 기다려요.,0
옵션을 잘선택하셔야해요전 컴맹이라 여러가지로 설치하고 애먹었습니다ㅜㅜ,0
아~~배송이 너무 길어서요~ㅋㅋ 약 30일 정도.배송말고 다른것 만족해요.,0
문의는 사진을 못올려서 여기다가 씁니다 모서리 화면부분 왜저러나요?,0
화면이 크고 좋아요.근데 좀 무거워 힘들어요.터치감은 좋ㅈ아요.,0
디자인도깔끔하고이쁘게나와서너무너무좋아용!!,0
아들이 쓰려고 구매했어요 기대하고 있어요고장없이 잘썼으면 좋겠어요,0
가격대비 괜찮아요 추천할만 합니다.생각보다는 좀 걍 그래요,0
적당한 가격이예요...ㅎㅎㅎ ㅠㅠㅠㅠ,0
가성비 괜찮네요^^,0
예약판매라 엄청 오래기다렸지만 좋아요~,0
처음 부팅시나 프로그램설치에 소음이 큽니다 참고하고 사시길바랍니다.,0
뽁뽁이 포장을 좀 더 충분히 안전하게 해주셨으면 좋았을텐데요.. 배송온거 보고 놀랐어요 운반되면서 엄청 이리저리 부딪히고 던져지고 그럴텐데.. 암튼 왔으니 씁니다..,0
고주파 심함 팬소음 심함 롤 낮음 60fps 유지못함 배송은 빨라요 판매자님도 친절하시구 다만 불량판정서가 있어야 환불이나 교환이 가능하다해서..센터에는 고주파로 불량 판정을 안해주더라구요 그래서 중고로 급처해버렸네요.15인치는 문제가 많은것같습니다 커뮤니티에서도 그렇고 ..14인치는 안써봤지만 다들14 인치 추천하네요 저는 비보북 여기까지만 쓰고 레노버 동급 성능으로 넘어가려합니다 s3○○,0
리뷰 잘 안쓰는편인데 이건써야겠네요 노트북 처음 사서 쓰는건데 윈도우 설치하고 켜자말자 고주파 소리 장난 아니네요 제가 소리에 민감한건지 저희집이 조용해서 잘들리는건지 소리엄청 신경쓰이네요 맘같아선 환불받고 싶은데 후기 찾아보니 쉽지가 않겠더라구요 구매하실분들은 다시 한번생각해보시고 결정하시는게 좋을거 같아요 참고하세요,0
노트북 주문하면서 같이 추가한 15000원짜리 노트북파우치가 아예 안왔어요...........,0
결론부터 말씀드립니다.소음으로 비추입니다.지난 화요일 구매하여 수요일에 바로 받았습니다.받고 세팅을 하여 사용하였습니다. 처음부터 팬소음이 엄청났습니다.윈도우 설치후 각종 Driver를 설치한 후에팬소음이 조금 줄었습니다.하지만 여전히 거슬릴 정도로 큽니다.(그동안 업무상 LG제품(그램)을 여러개 사서 구매해왔었는데 상대비교시 차이가 큽니다.--> 사서 한 몇년 됐을때 정도의 소음입니다.)다음날 바로 서비스센터에 가서 문의 및 교환을 요청하였지만센터 이야기로는 원래 그렇다고 교환할 수가 없다고 합니다.(정확한 측정없이 귀로 들었을시 이정도면 괜찮다고 하네요)발열을 잡기 위해서는 팬소음은 어쩔수 없고인터넷이나 유튜브보면 다 나온다고...좀더 자세히 안알아 보고 산 저의 잘못입니다.그동안 업무상 필요할때 그램을 사다가 쓰다가 이번에 2020년 삼성이 좋게 나왔다고 해서 개인적으로 처음 삼성노트북을 샀는데 후회 막심입니다.아직 오래되지 않아 다른 성능상 비교는 할수 없지만당장 확인할수 있는 소음으로는 최악입니다.도서관이나 조용한곳에서 사용하시는 분들에게는 비추입니다..혹시 이글을 보시는 분은 사실 때 꼭 참고해주세요~!(저같은 분들 없게 난생처음 이렇게 길게 상품평 씁니다.)p.s. 백만원 이하의 노트북을 샀다면 기대치가 없어서 실망도안했을겁니다. 할인 하더라도 140만원대 프리미엄 노트북이라고 팔고 있는 제품입니다. 이정도는 해결을 해야 하지 않을까싶습니다.p.s.2 센터에서 하는 이야기로는 사양이 높아지면 높아질수록 팬소음은 크다고 이야기 합니다. --> 이게 말이 되는 소리인지 사양이 높아지고 가격이 높아지면 소음같은걸 더 신경써야 돼는거 아닌가요??,0
"3월 26일날 결제하여 4월 4일에 도착하였습니다.가격대는 꽤 있는 편이지만, 삼성 제품답게 마감 퀄리티는 최고, 용도에 따라 다르겠지만 필요한 성능은 모두 갖추고 있으며, 최고의 장점은 가벼움인 것 같습니다배송이 조금 걸리긴 했는데 시국이 시국이다보니 감안해야할 사항인 것 같네요..생각보다는 빨리 배송 된 것 같기도 해요.종합적으로 평가하자면 기기 자체는 만족하며 사용 중 입니다. 아쉬운 게 있다면 구매혜택이 실질적으로 큰 혜택인 것 같지는 않다는 것...;대학생들에게 추천합니다. 3월 26일날 결제하여 4월 4일에 도착하였습니다.가격대는 꽤 있는 편이지만, 삼성 제품답게 마감 퀄리티는 최고, 용도에 따라 다르겠지만 필요한 성능은 모두 갖추고 있으며, 최고의 장점은 가벼움인 것 같습니다배송이 조금 걸리긴 했는데 시국이 시국이다보니 감안해야할 사항인 것 같네요..생각보다는 빨리 배송 된 것 같기도 해요.종합적으로 평가하자면 기기 자체는 만족하며 사용 중 입니다. 아쉬운 게 있다면 구매혜택이 실질적으로 큰 혜택인 것 같지는 않다는 것...;대학생들에게 추천합니다. 3월 26일날 결제하여 4월 4일에 도착하였습니다.가격대는 꽤 있는 편이지만, 삼성 제품답게 마감 퀄리티는 최고, 용도에 따라 다르겠지만 필요한 성능은 모두 갖추고 있으며, 최고의 장점은 가벼움인 것 같습니다배송이 조금 걸리긴 했는데 시국이 시국이다보니 감안해야할 사항인 것 같네요..생각보다는 빨리 배송 된 것 같기도 해요.종합적으로 평가하자면 기기 자체는 만족하며 사용 중 입니다. 아쉬운 게 있다면 구매혜택이 실질적으로 큰 혜택인 것 같지는 않다는 것...;대학생들에게 추천합니다.",0
"2월 24일에 한 첫 주문건은 3월 4일에 왔으나, 하판 쿨링 시스템 내부가 녹아 타는 냄새가 났던 불량 제품을 보내주셨습니다.직접 as 기사님을 불러 불량 제품 확인받고, 맞교환 진행되는데까지 계속 삼성전자 서비스센터와 유니씨앤씨 고객센터 측 말이 달라서 혼자 애먹었습니다. 서비스센터에선 재고가 없다며 3월 말에조차 받을 수 있을지 모르겠다고 환불 권유하시더니, 어이가 없어 고객센터에 전화하니까 그제서야 서비스센터 측에서 말을 바꾸면서 오늘 내로 받아보실 수 있다며 죄송하다 하더라구요.당일 배송은 기대도 안했지만, 맞교환건은 결국 보내준다고 약속하셨던 날짜보다 이틀 늦게 왔습니다. 이 점 관련하여 유니씨앤씨에 문의했더니 또 서비스센터에서 잘못 말한 거라며... 죄송하단 말 한 마디 없이 소비자 가운데 두고 말장난하는 기분이었습니다. 결국 구매일로부터 약 2주가 지나서야 정상 제품을 받을 수 있었습니다.다행스럽게도 새로 받은 제품은 별 이상없는 새 제품이었으나, 전반적인 서비스가 최악이었네요. 고객에게 불량인 제품을 보냈으면 판매사 측에서 적극적으로 나서서 사과하고 알맞게 대처하셨어야 하는 거 아닌가요? 대체 왜 구매자인 제가 전전긍긍하며 여기저기 전화를 돌려야 하는지 모르겠습니다. 앞으로 저와 같은 불만사항을 호소하는 고객이 없도록 제발 제대로 된 일처리 부탁드려요.+ 같이 오는 구성품도 하나 없는데, 사은품은 또 얼마나 기다려서 받아야할지 모르겠네요. 원래 배송받기로 했던 날짜인 3월 4일 상품평 작성한 기준으로 사은품 신청 처리해주세요. 최대한 빨리 배송 부탁드립니다.",0
결제한건 2월 말이었는데 제대로 된 노트북을 받아 후기를 작성하는건 3월 말이네요. 처음 받은 노트북은 사용한지 하루도 지나지 않았는데 화면에 선이 생겼습니다. 결국 서비스센터에 방문해서 불량판정 받고 교환받았습니다. 근데 교환받은 노트북도 키보드 대문자키에 불이 들어오지 않거나 펑션키의 켜짐꺼짐이 화면에 나타나지 않고 f1키가 반응을 하지않았습니다. 종료하고 다시 켰더니 멀쩡해지기는 했지만 새로 산 노트북이 이러니까 어찌나 찜찜하던지요. 결국 화면에 문제가 생겨서 다시 서비스센터에 방문해서 또 교환받았습니다. 3번째로 받은 노트북은 사용한지 5일정도 되었는데 지금까지는 멀쩡합니다. 노트북이 처음부터 멀쩡했으면 별 5개지만 한달동안 노트북으로 해야하는 일들을 제대로 하지 못해 지장이 생겼으며 소모된 시간도 꽤 되네요. 그냥 환불하고 다른 노트북 사야하나 고민했지만 as를 고려한 노트북들은 다 거기서 거기인 것 같아서 교환 계속 받았습니다. (참고로 충격은 전혀 가한 적이 없으며 노트북 거치대에 놓고 한 번도 이동한 적이 없습니다.) 그래도 팬이 너무 심하게 계속 작동한다는 후기를 봤었는데 세 노트북 전부 팬소음이 조금 큰감은 있었지만 작동을 자주 하지는 않아 사용하기에 조용한 편입니다.,0
"우선 배송 완전 빠릅니다. 지방인데도 어제 시켰는데 그 다음날 바로 받았네요. 완전 만족합니다 ~ ^^ 노트북 시키기 전에 삼성 디지털 프라자에서 실물보고 왔는데 빛에 따라 색감이 다른지 집에서는 좀 더 초록빛이 돌긴 했습니다. 그래도 디자인은 그 전에 사용하던 UM433DA 젠북14 모델보다 훨씬 예쁘고 기본기에 스트레스 받을 일은 없을 거 같아요!! 젠북쓰면서 빛샘, 화면 불균일, 화이트스팟, 키보드백라이트 불균일로 고통받다가 갤럭시북 이온으로 오니까 맘이 치유가 됩니다 ~ ^^ 좋은 기회에 좋은 제품 시의적절하게 받아서 기쁘네요 많이 파세요~~",0
노트북이 온 지가 얼마 지나지 않아서 잘 모르겠어요. 하지만 엘지 그램하고 많이 고민하다 산 결과 상품을 직접 봤을 때 색상에서 나오는 아우라가 후회 없는 구매였습니다. 주변 지인에게도 추천했어요. 이것저것 설정하고 저한테 맞게 세팅하는 단계라 뭐가 어떤지는 모르겠지만 큰 불편사항이 없는걸로 보아 앞으로도 좋을 것 같아요. 펜소리가 조금 있어서 도서관에서 사용이 힘들 수도 있지만 펜소리 끄는 기능이 있어서 사용 가능할 것 같습니다. 색상 대 강추,0
"PC는 좋은 것은 산 것 같은데...오늘은 갤럭시북 이온 NT950XCR-A58A Big특가:119만/19일하루, 어제 결제할때는 갤럭시북 이온 NT950XCR-A58A 특가:142만 / 인강용 로 나오고 그나마 무슨 쿠폰이니 뭐 해서 많이 가격이 내려가는 것 같더니 실제 결제할때는 그렇치 않고...마치 낚시 미끼 물듯하는 느낌.게다가 power adaptor도 5만원 넘게 따로 구매하는....매장에 나갈 시간이 없어 편리함에 사기는 하지만 뭔가 낚인듯한 씁쓸함이 남네요.",0
"후기작성: 오랫동안 고민만 하다 엘지그램 과 비교분석 최종적으로 삼성노트북으로 선택하게되었어요. 탁월한 선택이였네요^^ 동생의 조언으로 결정하고, 어제 받아서 지금 설치했어요 ~가볍고 사이즈도 좋고 무엇보다 너무 이쁘네요~^^ 고민하신분 고민하지마시고 선택하세요 후회하지 않으실거에요 한가지,윈도우 시리얼NO 을 어디서 봐야하는지? 아직 못찾고있어요;; 지문인식....아주 좋네요^^",0
진짜 화나네요 아니 무슨 윈도우 탑재 안했다고 이렇게 기본적인것도 안되있으니깐 진짜 너무 화나네요 아니 윈도우 탑재 후에 터치패드도 먹통이고 ㅋㅋㅋ 삼성 기본 야부조차 안깔려있고 인터넷 연결도 안되고 진짜 화나서 참 그리고 터치 패드 옆에 전류는 왜 통하나요 ?? 전부 삼성삼성 하는데 진짜 화나 죽을뻔 했네요 배송도 느리고 디자인이랑 화면만 좋아요,0
화요일 저녁에 주문했는데 금요일에 도착했습니다. 박스는 하나 더 감싼 형태로 포장되었습니다. 15.6인치 대비 가볍습니다. 사진이나 영상으로 보던 것보다 색이 더 예쁩니다. 잘 산거 같습니다.아래 열기 빠져나갈 구멍 있는 것도 마음에 들고 15.6인치 노트북 중에서는 가장 원하는 옵션이 잘 갖춰져있는 노트북이라고 생각합니다.,0
A58A 상품 주문했지만 윈도우 누락으로 교환 신청~ 결국 K58A 라는 검색도 안되는 제품으로 받아 기분이 상당히 불쾌하지만 성능 차이가 없다고 하여 받음.. 160만원 짜리 노트북 사는데 확인좀 잘하고 배송 합시다. 삼성 공식 파트너라는 이름에 누가 되지 않도록... 최악 아..그리고 구매자님들 제품 확인 잘하세요.,0
포장에 신경 좀 써주세요. 위아래에 완충제가 하나도 없어서 배송 중에 이리저리 충격 받았겠네. 지금까지 노트북 사면서 이렇게 포장해서 오는 건 처음이네요.,0
컴퓨터도 빠르고 좋은데 인터넷 연결선만 좀 잇엇으면,0
대학교 들어가기 전에 노트북 한대는 필요할것 같아서 열심히 찾아보다가 그램을 많이들 추천하시길래 그램을 사게됐어요일단 전에 쓰던 똥통 노트북과 다르게 무게가 엄청 가벼웠고 아직은 윈도우를 안깔아서 속도는 잘 모르겠지만 괜찮을것 같아요~ 근데 노트북 라벨이 훼손되어 있을 경우 구성품의 결손에 대해 책임을 지지않는다고 써져있는데 노트북을 꺼낼려면 스티커를 훼손할수 밖에 없는데 뭔소리인지 잘 모르겠네요 결손에 책임을 지지않는다는건가요? 아무튼 하자는 없는것 같고 잘 받았습니다그램 특성상 발열이 좀 심한것 같긴해요 그래도 소음은 덜한듯 ㅜㅜ,0
배송받아서 확인했네요. 헌데 사은품받은 마우스가 불량; 사은품 불량은 제조사로 문의하라는데 뭔말인지 이해가.. 별것도아닌데 총판이라고해서 가격둘째치고 믿고 구입했구만 참 기분 ?이네요.사은품인데 어찌 제조사로 문의하겠나요.돈주고산것도아닌데..당연히 판매처에서 문의해야지..으휴~배송받아서 확인했네요. 헌데 사은품받은 마우스가 불량; 사은품 불량은 제조사로 문의하라는데 뭔말인지 이해가.. 별것도아닌데 총판이라고해서 가격둘째치고 믿고 구입했구만 참 기분 ?이네요.사은품인데 어찌 제조사로 문의하겠나요.돈주고산것도아닌데..당연히 판매처에서 문의해야지..으휴~,0
"와 진짜 오래 기다려서 드디어 받았네요ㅠㅠ!! 윈도우 설치해서 받았는데 그러길 잘 한거 같아요. 받고 윈도우 업데이트 하느라 시간 좀 걸렸지만 아주 잘 됩니다. 깨끗하게 잘 도착했고 작동도 잘돼요. 확실히 전에 쓰던 다른 노트북보다 액정은 더 큰데 가볍고 좋네요. 오래 써봐야 알겠지만 일단 가볍고 빠르다는 점에서 아주 마음에 들고, 혹시나 하는 AS도 걱정 없으니 다행입니다. 생각지 않았는데 마우스도 함께 왔네요. 디자인이 예쁘고 가벼워서 자주 쓸 것 같아요! 잔고장 없이 오래 잘 돌아갔으면 좋겠습니다.",0
받았을때 본 박스가 뜯겨 있어서 기분이 나빴어요 안에 노트북은 이상 없었지만 불쾌했어요 한두푼도아닌 노트북 포장박스가 뜯겨 있는걸 보니 기분이 잡쳤어요 일단 노트북은 이상없고 생각보다 화면이 작다 느꼈고 그냥 뛰어난 건 아니고 그냥 인강용으로 좋을것 같아요 기존에 쓰던것 보다는 가볍고 소리는 크지않고 충전할때 충전기가 열을 잘 받네요 그리고 노트북 마우스에 시커먼 지문 자국이 있던데 진짜 욕나올 뻔 그리고 사은품 하나 주는거 가지고 겁나 까다롭게 쓸게 많네요,0
주문하고 다음날 받아서 좋았어요 ! 그램 처음 써보는데 지금까지 써 본 바로는 가볍고 너무 좋습니다. 다만 Window 10 구매하면 설치되서 오는 줄 알았는데 설치 안되서 왔더라구요 ㅠㅠ 결국 서비스센터에서 설치했습니다. 여태까지는 사용에 아무런 문제가 없었는데 인터넷에 워낙 그램2020에 대한 안좋은 평들이 많아서 좀 걱정되기는 합니다 ! 잘 써볼게요 ~,0
박스 포장에 내장(뽁뽁이) 그냥 둘려서 배송하시고. 메모리 설치하시며.. 오픈시 좀더 주의하셔야 겠습니다. 플라스틱 찌꺼기가 여기저기 묻어 있어서 혹시라도 메모리 장착하며. 내부가 상한것 아닌지 걱정입니다. 또한 메모리 장착 하셨으면 정상 작동 테스트는 해주셨을 텐데. 베터리는 방전된 상태로 보네셨네요.os 미디어는 usb 가 없는데 시디만 있는건가요?,0
"제품은 괜찮아요. 사은품이 없다는 점이 아쉬운점이고 시기가 시기인 만큼 배송이 늦는건 어쩔수없는 상황이라 생각해요. 단지, 남이 개봉하는걸 싫어해서 추가 램과 SSD를 동봉해서 보내달라는 옵션으로 해서 구매신청했는데, 굳이 개봉하여 모두 장착해서 왔다는거. 고객에 대한 세심함이 없어 평점은 낮게 주게되네요",0
5년전 그램을 써보고 좋아서 다시 구매를 한건데 노트북은 좋으나 배송 있어서 포장을 달랑 한겹만 그것도 테입 고정도 안되서 덜렁덜렁 택배 집어던지는거 아시면 3~4겹으로 싸서 보냈으면 좋았을텐데 수백번에 택배를 받아봤지만 이렇게 기분이 별로인건 처음이네요,0
노트북 사자말자 프리징 현상으로 A/S 보낸 후 이번에는 추가 SSD가 인식하지 않는 문제가 발생하였다. 14일에 다시연락해 보겠지만 서비스가 너무 좋지 않다. 무조건 고객책임으로 돌리는 태도도 마음에 들지 않는다 다시는 여기서 구매를 하지않을 생각이다,0
3월 9일날 주문해서 3월 31일날 받았네요. 배송이 늦게온거 빼곤 나름 괜찮았습니다. 그램이라 역시 무게가 가장 메리트있는거같아요. 가벼운건 정말 만족입니다.,0
좋은가격에 Get 했습니다.상품 SoSo합니다.직원분 응대가 영 cool하지 않습니다.혹시라도 문제있으면 센터가시면 교환판정서 안주니 엔지니어분 명함 챙기시길 바랍니다.,0
사용전입니다 물건은 문제없이받았습니다 디자인 깔끔하고요.. 문제없는 물건이길 바라는 맘이네요~사은품 그램전용 가죽파우치 신청합니다,0
오늘 받아서 설레는 맘으로 동영상까지 찍으면서 언박싱 했는데 스크래치와 콕짜국ㅠㅠ난 왜이렇게 뽑기가 잘 않되는지ㅠㅠ교환부탁드려요,0
배송이 3주나 걸려서 제법 기다렸지만.. 노트북은 가볍고 좋네요~~전화상담 친절하게 해주셨어요~,0
Cons : 배송이 너무느리다. Pros : 기본성능에 깔끔한 디자인이 맘에듭니다.,0
대체적으로 보통인 정도며 배송은 정말느렸고 발열도 좀 있는것 같고 약간의 소음도 있어요,0
전반적으로 비싼 값 하는 제품입니다. 역쉬 LG 그램~~~!!!,0
기쁜 마음으로 받아서 열었는데 터치패드 위치가 안맞아요~ ㅠㅠ,0
윈도우 프로그램이 없어요. 구매시 확인하세요,0
오랜시간 기다리고 받은 상품인데,0
괜찮네요~~쌈빡하고ㅜㅜ,0
제품은 좋은데 배송이 느려요,0
상품 잘 도착했습니다.,0
좋아요,0
"물건 받고 10일만에 액정 나가네요. 처음부터 하자 있는 물건이었다고 저는 생각합니다. 믿으실지 모르겠지만 액정보호필름 붙이고 나니 액정이 나갔는데 판매처도 LG도 그 누구도 책임지지 않습니다. 처음에 꼼꼼히 검수하지 않은 제 불찰도 있습니다만... 패널 금간 것을 일반인이 어떻게 확인을 해 낼 수 있을지...(액정에 기스를 보기는 했지만 교환하는데 시간 걸리고 귀찮으니 이정도는 감수하자 했는데, 그 기스가 액정기스가 아니라 lcd패널에 금이 간 것이었네요) 노트북을 떨어트리거나 찍히거나 한 적이 전혀 없어 자체의 문제라 생각합니다. 액정보호필름 붙이다 액정이 나가는 것을 지금까지 본 적도 들은 적도 없어서 매우 당황스럽습니다. 인터넷에 이런 경우가 있는지 알아보니 LG그램 자체가 액정 내구성이 엄청 안좋다고 합니다. - 손가락으로 액정을 잡았더니 액정이 나갔다 - 노트북을 닫았더니 액정이 나갔다 - 헝겊으로 닦다가 액정이 나갔다 등등 (13, 14년도에 적혀있던 글을 본 것이고 헝겊이야기는 들은 이야기 입니다.) 엘지그램 이쁘고 가볍고 좋습니다. 전시용으로 딱 좋습니다. 딱 거기까지 입니다. 이왕 구매하시는 거 무게가 좀 나가더라도 더 튼튼한 제품이 좋아 보입니다.",0
"우선 가볍고, 디자인이 예뻐요.카페 등 외부 이동이 많으면 추천합니다.그런데, 뽑기를 잘못했는지, a자판이 다른 키보드와 누름는 키감이 다르네요.서비스센터 가라고 안내받았는데, 시간이 없어서 못가고있어요.눌러지긴 하는데, 눌르는 감이 없어서 눌렀나 계속 확인하게된다는,....처음부터 잘 만들어주시지, 바쁘게ㅠ암튼 휴대성은 짱입니다.",0
그램이 좋아서 샀는데 2in1이 너무 예뻐보이네여ㅠㅠ 그램도 좋은데 딴것도 둘러보세요,0
처음부터 문제가 있어서 많이 당황했습니다.지금은 서비스센터 갔다와서 괜찮지만 불안합니다.,0
배송이 생각보다 알맞게 도착했어요 좋은 가격에 잘 산거같어 기분이 좋네요~!,0
키보드 자판위에 칠이 조금 벗겨져 있어서 받고 기분이 좋지는 않았네요...,0
배송받기까지 너무 많이 기다렸네요. 마우스가 너무 저급하다고 불평합니다.,0
무선마우스 작동안되는거줌 중국산 3천원어치인듯,0
처음 구매해서 받아보고 사용해보니 전원어댑터에서 고주파음이 매우 크게 들림. 이건 어댑터 전압이 높아서 그러려니 싶었음. 그런데 노트북 이어폰단자에 이어폰이나 헤드셋을 연결하고 사용하면 지지직거리는 화이트노이즈가 지속적으로 발생함. 레노버 센터에 문의에서 이것저것 해봤으나 안돼서 결국 서비스센터 입고. 서비스센터에서 제대로 검사를 안한건지 증상이 발견이 안된다고 함. 그런데 ssd가 오류가 뜬다고 불량 판정서를 받음. 일단 받아보니 이어폰에서 소음나는 증상은 그대로임. 불량판정서가 있어서 교환받으려고 판매처에 전화했음. 물량이 없어서 지금 보내놓고 한달 뒤에 받아야한다는 소리를 함. 좀 심한거 같아서 일단 생각해본다하고 끊음. 나중에 다시 전화해보니 갑자기 교환용 재고가 생겼다 함. 근데 왜 말도 안해주지?? 내가 그거때문에 전화를 몇번을 했는데ㅋ.. 어쨋든 그래서 교환을 받음. 근데 교환을 받아서 사용하는데 똑같은 증상 발생. 똑같이 이어폰 화이트 노이즈에 어댑토는 고주파음이 심하다. 노트북이 한대 더 있어서 테스트해봐도 내 이어폰과 헤드셋이 문제가 절대 아니다. 정말 스트레스 받는다. 레노버나 되는 업체인데 뽑기가 있다니 정말 어이가 없다. 다시 고객센터에 보내서 불량판정서 받고 교환을 하든 해야겟다.,0
노트북의 스펙은 알고 구매를 했기 때문에 원하는 만큼 좋은 성능의 노트북은 맞습니다.디자인도 만족스럽고 저렴한 가격에 잘 구매했습니다.다만 포장의 상태가 너무 마음에 안듭니다.외박스에 따로 넣은것도 아니고 본박스에 에어캡을 얇게 감고 박스테이프로 감았는대..에어캡이 박스를 다 덮지 않아서 박스에 테이프를 직접 붙여버렸습니다.,0
윈도우도 정상으로 설치했고 문제 없다고 생각하고 사용하고 있었습니다. 그리고 구매당시 추가옵션은 ssd와 램 추가였는데 갑자기 블루스크린이 계속떠서 제품을 사용할수 없는 생태입니다. 오류코드를 찾아보면 램이나 ssd문제일시 뜨는 블루스크린이라고 하네요 교체장착 해주시는   제품의 모델명이나 사양등의 표기가 없는점 매우 실망스럽습니다.,0
배송은 빨리왔습니다. 하지만 조금의 문제가 있어 교환을 하게되었고 그쪽에 실수가 있어서 시간이 조금 더 걸리긴했지만 발송전에 주소확인차 연락이오고 다음 날 바로왔습니다 근데 포장상태가 이건 좀 아니지 않나싶습니다. 어떻게 이 상태로 물건을 보낼생각을 하셨는지...이제라도 이곳이 안좋다는걸 알았으니 다신 주문하지않겠습니다,0
"터치 패드 불량 확인 - 센터불량처리 확인받아야 환불 가능 - 센터 문의 - 소프트웨어적으로 이부분들 다시해봐라했지만 여전히 먹통 - 센터방문 - 1차확인시 불량판정 - 2차 처리 수리가능 ( 여럿 불만 사항 있었으나.. 뽑기운 더럽게 안좋았고, 구간별 담당자들 응대 일관성 부족 및 처리에 번복 불만 )",0
상품 박스 끝이 구겨지긴했지만 일단 파손은 없는것 같네요.윈도우 설치하고 테스트 조금 했는데 CPU온도가 너무 높네요.그래픽은 안정적인데..써멀이 잘못 발라져 있나..뒷판을 열어봐야하나 반품을 해야하나 고민중입니다.,0
"예판이지만 생각보다 빨리 왔구요.구매할때랑 SSD가 교체되고 금액도 다운되어 기분이 별로지만 반품포기하고 사용합니다.다른건 다 만족하는데 단점은 팬소음, 아답터 크기는 엄청납니다.",0
레노버 노트북 자체는 굉장히 좋음 그러나 유통처가 제조사 망친 대표적 케이스 옛날 용팔이들이나 하던 부품바꿔치기를 유통사에서 해먹는 클라쓰... 반석전자 절대 잊지않는다,0
이 제품 살때 무조건 윈도우랑 같이 사셔야 노트북 사용가능합니다.,0
행사로 사서 잘쓰고 있습니다.배송이 너무 늦은 감이 있어 ..짜증나긴하네요,0
상품은 테스트 결과 문제없네요성능은 가격대비 좋아요,0
"물건 문제가 아니라, 판매자의 순차적배송에 별1개 드립니다.",0
레노버 벤티지 있는지 알았어야지 개고생 안합니다,0
언더볼팅 -100하시십오ㅎ 5년은 쓸듯  합ㄴㅣ다요.,0
저렴하게 구입해요,0
배송이너무 느려요,0
일반 다른 제품이었으면 그냥 그러려니 할건데한두푼 하는거도 아니고 배송때매 환불하고 싶었는데반품불가 제품이니 그냥 씁니다.,0
"16년도에 출시된 노트북9 쓰고있는데 배터리와 키보드라이팅에 대한 불만 때문에 새로 구입했습니다. 같은 15인치 사이즈인데 넓이는 약간 작고, 두께는 거의 유사수준입니다. 무게는 살짝 가벼워졌지만 느낄 수 없는 차이입니다. 리눅스가 설치되어있는 제품이라서 윈도우10은 따로 구입해서 설치해야하구요 .아직 세팅중이라서 사용시간이 많지 않지만 배터리가 무척 오래가고 키보드라이팅이 되서 만족합니다.",0
배송은 빠르지만 물건이 작년 생산분으로 왔습니다 그래서 배터리가 방전되어 있구요 상품은 이상없고 좋지만 굳이 이곳을 추천하고 싶진 않습니다,0
노란 박스가 오픈된 상태로 배송 되었습니다,0
상품은 잘 받았습니다.배송도 적당합니다.상품은 잘쓰겠습니다.,0
몇주나 기다려서 받을수 있게되서 직접 내방해서 물건 수령후 기쁨마음에 집에와서 켜봤지만 맥 OS 비밀번호 걸려있음 설연휴 시작전이라 연락안될수도 있지만 이런상황을 구매자가 불편해야하는 상황...맥 비밀번호좀 알려주세요 가만 생각해봐도 이정도 조차 챙겨주지 못한 상황이 어처구니가 없습니다,0
잘 받았습니다.,0
http://myg.gmarket.co.kr/http://myg.gmarket.co.kr/http://myg.gmarket.co.kr/http://myg.gmarket.co.kr/http://myg.gmarket.co.kr/http://myg.gmarket.co.kr/http://myg.gmarket.co.kr/,0
무거감이 크지않고 15 스크린까지커서 좋습니다. 속도도 빠른편이며 화상도도 만족합니다 한번 완충시 사용지속시간도 왠만한 작업에는 무리없이 사용가능합니다  제품 중 하자없이 포장되어 배송왔으며  감사합니다무거감이 크지않고 15 스크린까지커서 좋습니다. 속도도 빠른편이며 화상도도 만족합니다 한번 완충시 사용지속시간도 왠만한 작업에는 무리없이 사용가능합니다  제품 중 하자없이 포장되어 배송왔으며  감사합니다무거감이 크지않고 15 스크린까지커서 좋습니다. 속도도 빠른편이며 화상도도 만족합니다 한번 완충시 사용지속시간도 왠만한 작업에는 무리없이 사용가능합니다  제품 중 하자없이 포장되어 배송왔으며  감사합니다,0
"어제 수령했습니다.판매자분이야 엘지에서 공급해주는대로 발송하시느라 잘못은 없지만,소비자 입장에서 한 달 열흘만에 받았으니 만족할 수는 없네요.제품은 가성비가 좋고, 게임만 하지 않으면 전혀 사용에 문제 없어 보입니다.다만 내장 그래픽이 2기가 정도 메모리를 잡아 먹으니, 메모리는 반드시 최소 8기가 이상 업그레이드 하셔야 합니다.저는 8기가로 했는데 12기가로 할 걸 후회되네요.이 부분만 잘 선택하시면 나머지는 쓰시기에 무난합니다.엘지 노트북만 3대째인데,  별 탈 없이 잘 쓰고 있습니다. ",0
"일단 지워지긴했지만 상품에 이물질이 묻어있어서 기분이 좋지 않았고, 두번째로 전원을 켰는데 화면이 들어오지 않아서 별로였습니다. 결국 엘지 서비스 센터에 갔더니 램이 약간 튀어나와있어서 그렇다고 배송시 충격이 가해져서 그런것 같다고 하시더라구요. 서비스센터에 다녀온후 일단은 문제없이 잘 구동되고 있습니다. 하지만 아무리 저렴하게 구매했더라도 새로 구매한 노트북에 계속 이런식의 문제가 발생하니 앞으로는 어떤 문제가 발생할지 영 찜찜합니다.",0
지금 받아 박스 뜯고 사은품 보고 쓰고 있습니다.이제 설치를 해봐야죠.좀 사용해보고 다시 올립니다.지금은 외관 밖에 쓸게 없는데 15인치 딱 그렇구요 키보드 불이 않들어오고 좀 불편해도 엘이디 천장에 괜히 있겠습니까 불 켜고 쓰면 되지.사은품 마우스는 장난감이라고 보면 될듯요.온오프도 없고..적당히 싼 플라스틱 같아서.,0
적당한 가격에 잘 산 것 같아요. 다만 램 하드 업그레이드와 윈도우 설치까지 요청했는데 읜도우가 안 깔려 와서 저희 소중한 시간 5일을 버렸답니다. 선물로 할 거라 제가 검수를 했기 망정이지 그냥 바로 보냈으면 사주구도 욕 먹을뻔 했습니다.,0
하...램 4기가 추가 동봉인데 동봉 안돼 있길래 전화 해보니까 혹시 껴저 있을수 있다해거 확인 했는데 안되있어요.. 보내주세요ㅠ 다른 사음품도 전화하니까 보내주셨는데 많이 팔리니까 많이 했갈리나봐요.. 10일 넘게 기달렸는데 아쉽습니다 노북은 좋은데...,0
주문하고 16일 걸려서 받았습니다. 배송이 예상보다 상당히 오래걸렸습니다. 하지만 노트북 상품 자체는 좋고 램 추가 장착도 잘되어서 왔습니다.다만 키스킨이랑 액정보호필름을 추가 구매했는데 증정되는 1개씩만 보내주셨네요.,0
초등 아들 동영상 수업 때문에 구매했는데~~ 재고가 없어 배송이 늦어지는건 알았지만 생각보다 너무 늦어서 좀~~ 사용하는데 무난한것 같아요~화이트라 깔끔하고 이쁜데 금방 지저분해진다는 단점이~~ㅜㅜ,0
 제품가에 1000원 추가하더라도 마우스끼워서 주세요.  안주면 사은품으로 마우스 안나간다고 대문짝만하게 써놓던가.,0
" 배송기간이 너~~무 길었지만, 가성비는 좋습니다. 지인 추천으로 구매하였는데 배송기간만 빼면 만족합니다.",0
무겁고 약해보임 사무실에 놓고 쓰기에는 적당하나 이동 용도로는 조금 버거움.,0
노트북 표면이 오염된 것으로 보내줘서 판매자 신뢰도가 확 떨어지네요.,0
제품 자체는 좋습니다. 그 외 제가 잘 살펴보지 않아서그렇지만,0
진작 취소했어야 할 정도로 배송이 느린데 이쯤되면 배짱장사,0
배송이 느려도 정도껏 느려야지  3주넘어 받음,0
상품은괞찮긴한데 키스킨이잘맞지않습니다.,0
배송이 느려서 조금 아쉽은 마음있니다.,0
주문하고 보름 이상 걸렸네요..,0
처음 구매해서 받아보고 사용해보니 전원어댑터에서 고주파음이 매우 크게 들림. 이건 어댑터 전압이 높아서 그러려니 싶었음. 그런데 노트북 이어폰단자에 이어폰이나 헤드셋을 연결하고 사용하면 지지직거리는 화이트노이즈가 지속적으로 발생함. 레노버 센터에 문의에서 이것저것 해봤으나 안돼서 결국 서비스센터 입고. 서비스센터에서 제대로 검사를 안한건지 증상이 발견이 안된다고 함. 그런데 ssd가 오류가 뜬다고 불량 판정서를 받음. 일단 받아보니 이어폰에서 소음나는 증상은 그대로임. 불량판정서가 있어서 교환받으려고 판매처에 전화했음. 물량이 없어서 지금 보내놓고 한달 뒤에 받아야한다는 소리를 함. 좀 심한거 같아서 일단 생각해본다하고 끊음. 나중에 다시 전화해보니 갑자기 교환용 재고가 생겼다 함. 근데 왜 말도 안해주지?? 내가 그거때문에 전화를 몇번을 했는데ㅋ.. 어쨋든 그래서 교환을 받음. 근데 교환을 받아서 사용하는데 똑같은 증상 발생. 똑같이 이어폰 화이트 노이즈에 어댑토는 고주파음이 심하다. 노트북이 한대 더 있어서 테스트해봐도 내 이어폰과 헤드셋이 문제가 절대 아니다. 정말 스트레스 받는다. 레노버나 되는 업체인데 뽑기가 있다니 정말 어이가 없다. 다시 고객센터에 보내서 불량판정서 받고 교환을 하든 해야겟다.,0
노트북의 스펙은 알고 구매를 했기 때문에 원하는 만큼 좋은 성능의 노트북은 맞습니다.디자인도 만족스럽고 저렴한 가격에 잘 구매했습니다.다만 포장의 상태가 너무 마음에 안듭니다.외박스에 따로 넣은것도 아니고 본박스에 에어캡을 얇게 감고 박스테이프로 감았는대..에어캡이 박스를 다 덮지 않아서 박스에 테이프를 직접 붙여버렸습니다.,0
윈도우도 정상으로 설치했고 문제 없다고 생각하고 사용하고 있었습니다. 그리고 구매당시 추가옵션은 ssd와 램 추가였는데 갑자기 블루스크린이 계속떠서 제품을 사용할수 없는 생태입니다. 오류코드를 찾아보면 램이나 ssd문제일시 뜨는 블루스크린이라고 하네요 교체장착 해주시는   제품의 모델명이나 사양등의 표기가 없는점 매우 실망스럽습니다.,0
배송은 빨리왔습니다. 하지만 조금의 문제가 있어 교환을 하게되었고 그쪽에 실수가 있어서 시간이 조금 더 걸리긴했지만 발송전에 주소확인차 연락이오고 다음 날 바로왔습니다 근데 포장상태가 이건 좀 아니지 않나싶습니다. 어떻게 이 상태로 물건을 보낼생각을 하셨는지...이제라도 이곳이 안좋다는걸 알았으니 다신 주문하지않겠습니다,0
"터치 패드 불량 확인 - 센터불량처리 확인받아야 환불 가능 - 센터 문의 - 소프트웨어적으로 이부분들 다시해봐라했지만 여전히 먹통 - 센터방문 - 1차확인시 불량판정 - 2차 처리 수리가능 ( 여럿 불만 사항 있었으나.. 뽑기운 더럽게 안좋았고, 구간별 담당자들 응대 일관성 부족 및 처리에 번복 불만 )",0
상품 박스 끝이 구겨지긴했지만 일단 파손은 없는것 같네요.윈도우 설치하고 테스트 조금 했는데 CPU온도가 너무 높네요.그래픽은 안정적인데..써멀이 잘못 발라져 있나..뒷판을 열어봐야하나 반품을 해야하나 고민중입니다.,0
"예판이지만 생각보다 빨리 왔구요.구매할때랑 SSD가 교체되고 금액도 다운되어 기분이 별로지만 반품포기하고 사용합니다.다른건 다 만족하는데 단점은 팬소음, 아답터 크기는 엄청납니다.",0
레노버 노트북 자체는 굉장히 좋음 그러나 유통처가 제조사 망친 대표적 케이스 옛날 용팔이들이나 하던 부품바꿔치기를 유통사에서 해먹는 클라쓰... 반석전자 절대 잊지않는다,0
이 제품 살때 무조건 윈도우랑 같이 사셔야 노트북 사용가능합니다.,0
행사로 사서 잘쓰고 있습니다.배송이 너무 늦은 감이 있어 ..짜증나긴하네요,0
상품은 테스트 결과 문제없네요성능은 가격대비 좋아요,0
"물건 문제가 아니라, 판매자의 순차적배송에 별1개 드립니다.",0
레노버 벤티지 있는지 알았어야지 개고생 안합니다,0
언더볼팅 -100하시십오ㅎ 5년은 쓸듯  합ㄴㅣ다요.,0
저렴하게 구입해요,0
배송이너무 느려요,0
잘받았습니다 램추가할껄그랬네요 ㅜ,0
감사합니다 배송 빨라요,1
배송 오래걸릴꺼라고 생각했는데 빨리와서 놀랐어요.. 하루만에 왔네용그레이라고 쓴줄 알았는데 안썼네요ㅜㅜ근데 블랙도 넘 맘에 들어서 더 잘됐어요 덕분에 배송도 빨리 받았구..좀 무겁긴한데 무게를 포기하고 사양을 선택했으니..원래 여기회사 다른제품 사려고 했는데 이게 정말 싸게 잘나와서 골랐습니다! 전 포토샵이랑 프리미어 돌릴 용으로 샀는데 램 업글도 하구 i5 h에 글카도 좋으니 잘..돌아가겠죠..? 아직 돌리진 않았지만 잠깐 인터넷 만졌는데 속도 만족스러웠어용윈도우 설치 겁나서 그냥 구매했는데 덕분에 당일배송 받았네여..결론은 만족만족,1
그제주문해서 어제바로 받았구요 배송도 아주빠르고 포장도 잘되어있어서 좋았습니다 전에쓰던 노트북이 msi 게임용이었는데 이노트북은 전에거랑 다르게 게임용같이 안생긴 디자인이 무엇보다 맘에듭니다ㅋㅋ 들고다니기엔 좀 무겁긴하지만 밖에서 쓸일있어도 눈치는안봐도 될거같네요아직 많이사용해보진 않았지만 파스랑 롤 몇번 돌려본결과 점수나 발열도 준수한거같구요 와이파이도 9560이라 벽뚫고도 아주 안정적이구요 액정도 tn쓰다가봐서 그런지 만족스럽네요 굳이 단점을 찾자면 레노버 밴티지에서 팬속도 조절이 다른 시리즈는 되는거같은데 이모델은 안되는듯 그렇다고 시끄럽진 않습니다 오히려 조용한편 다른건 더 찾아봐야겠네요 암튼 꽤오랫동안 눈팅하다가 행사보고 지른거라 저렴하게 잘산거같습니다 잘쓰겠습니다,1
좋아용,1
"한달사용기///와우 클래식을 하려고 구매했는데, 쾌적하게 게임하고 있습니다.단 1가지도 맘에안드는게 없네요.윈도우설치때문에 어려움을 겪을때 연락드렸는데 미포함상품을 구매하였는데도 친절한 대응 감사드립니다^^",1
빠른 배송에 좋은 제품 너무 좋습니다!,1
werterwtwevrtewtvbwetrwertwert,1
조하용,1
아주좋아요 ㅎㅎ,1
생각보다 싸게 좋은 노트북 샀습니다,1
잘받았습니다. 잘굴러가요. 셀프로 랩추가하기가 조금어렵지만 갓성비라는 단어가 아깝지않아요.,1
빠른배송감사드립니다,1
좋은제품감사합니다.좋은제품감사합니다.좋은제품감사합니다.좋은제품감사합니다.좋은제품감사합니다.좋은제품감사합니다.좋은제품감사합니다.좋은제품감사합니다.좋은제품감사합니다.좋은제품감사합니다.좋은제품감사합니다.,1
"복학 전 노트북을 새로 구입하려던 중 레노버 L340-15IRH I5 LEGEND 노트북을 발견하였는데요,I5-9300h 쿼드코어 프로세서에, GTX1650 그래픽카드가 장착되어있고, SSD256GB 용량의 이 노트북을 보았는데.가격도 60만원 중후반대여서 보자마자 고민도 안하고 구매하였습니다. 저는 여기서 램 4기가에서 8기가로 업그레이드해서 구매하였구요,배송주문한지 다음날 바로 기사님이 가져다주시더라구요. 정말 빠르고 기사님이 전화까지 해주셔서 좋았어요.받자마자 윈도우 10을 설치하고 사용하였더니 부팅속도도 정말 빠르고 웹서핑 등 이전에 쓰던 노트북은 정말 느려서 불편했는데 너무 빠르고 좋았어요 ㅎㅎ 웹캠 가림막도 있어서 걱정없이 사용할수 있었고, 스피커 음질도 정말 좋았어요.화면도 IPS 화면이어서 밝고 시원시원해서 보기 좋았어요 180도까지 화면을 펼수 있어서 생각보다 쓸일도 많아졌네요 ㅎㅎ무게도 성인이 들고다니기에 적당한거 같아요 ㅎㅎ 기숙사나 도서관에서 쓰기에도 소음이 적어서 좋았어요.그래픽카드도 있어서 배틀그라운드,오버워치,롤 등 게임도 실행하였는데 아주 잘 작동 하였어요.무엇보다 부팅시간이 7초도 안되어서 좋았네요. 다음 시즌에도 이런 조건으로 판매한다면 또 구매할 생각 있습니다~",1
노트북 시원시원하게 잘 돌아가고 메모리도 잘 장착되어있고 잘 쓰겠습니다!!!,1
어제 시켰는데 오늘 점심쯤에 도착했어요! 바로 개봉한뒤 윈도우깔고 이것저것 해보니까 확실히 빠르고 피파나 오버워치같은 게임도 잘 돌아가네요. 노트북 구매는 처음이라 고민많이했는데 선택 잘했다고 생각합니다ㅎㅎ 이성능에 이가격이면 거의 베스트고 앞으로 몇년간은 만족스럽게 사용 할 수 있을거 같아요!,1
싸게잘샀습니다,1
좋아요 제주도 여행이랑 일정 겹쳐서 조금 아슬아슬햇음,1
성능댜비 거격이 좋아요,1
가성비갑. 요즘 놋북 바꾸고 나서 신세계를 경험중입니다 ㅎㅎ,1
간만에 사봤는데 할인할때 잘사서 나름만족합니다.,1
배송은 빨랐구요프리도스로 구입해서 윈도우 깔고 드라이버 설치까지 완료해서 사용 이상 없는 것 확인 했습니다.하드 디스크가 인식 안되서 시간 좀 잡아 먹었는데 어찌어찌 해결도 했네요,1
가격대비 성능이 너무 좋아요,1
조카 선물로 줬더니..난리가 났네요감사합니다.,1
아주 만족합니다 좋아요,1
역대급 가성비 게이밍 노트북인것 같네요,1
배송이 오래 걸렸지만 외관도 좋고 성능도 좋네요. 근데 전에 쓰던 노트북보다는 좀 무거워요.,1
코로나 땜시 오래걸려서 받았네요램따로 16기가사서 달았습니다 뒤쪽에 십자볼트풀어내고커버 벗겨내면 저 은색커버 얇은일자드라이버로 잡아주는거벌리고나면 램추가소켓이 보입니다 그냥 장착해주시면되고요윈도우설치시바이오스 들어가는거는 f2 누르시고요부팅선택 f12입니다늦게받아서 짜증은나지만 성능은 좋네요,1
가성비 최고인 노트북인거 같네요. 감사합니다!,1
게임 노트북치고는 가성비가 너무 좋습니다. 디자인도 세련되구 너무 좋네요. 성능은 1060그래픽카드 보다 살짝 더 낮다고 들었는데 조금 더 높내요.. 상당히 빠릅니다. 너무 만족합니다. 감사합니다.,1
"결론 : 돈이 애매하다면 무조건 이거 사십시오.우선 게임+서류작업에 이만한 노트북 없다고 봅니다. gtx1650(데탑)이 막 나왔을때 엄청난 비판을 받았지만 노트북에선 이만한 게 없네요. 개인적으로 1660ti 노트북과 1650 노트북 중 엄청 고민 했는데 상당히 만족중입니다. 몬스터헌터 중옵(일부 옵션 타협시 상옵 이상) 60프레임 바하2re 중옵(이미지 품질 110%설정)도 60프레임 거뜬하게 뽑네요 ㄷㄷ 게임 돌릴 때 소음면에선 진짜 조용하고, 키보드쪽 발열은 따뜻한 정도, cpu gpu 발열 또한 쿨링패드(아니면 박스 위)에 올려놓으면 최대 80도 이상 안 올라갑니다. 뿐만아니라 토익 공부로 충전기 빼고 영상 보니까 배터리 6시간 정도 갑니다. SSD256GB + 램 듀얼링크 4+4(노트북 자체가 기본 4기가 고정설치라, 4기가짜리 사셔야 듀얼채널 됩니다)이걸 70만원 대로 살 수 있다니... 항상 감사 하겠습니다 레노버...",1
11번가 레노버 대행사인 (주)반석전자 에서 주문하였습니다 오후4시 배송마감 당일 오후 2시 50분쯤 주문했는데 다음날 바로도착하네요 이벤트 SSD 256GB로 교체해서 직원이 직접 개봉후 교체를 하여야 하는데 빠른 일처리에 만족합니다 구매하게된 이유는 기존에 쓰던 다른노트북이 노후화로 버리게되었는데 인터넷을 보는중 정말 제품성능에비해서 말도안되는 가격이라서 구매하게되었습니다 30분정도만 생각해보고 바로 구매해버렸네요 받고난후 가장 마음에 드는점은 노트북 디자인입니다 깔끔하고 남섬용 색상디자인이네요 아직뭐 2시간동안만 사용해보았으나 키패드 불량이라던지 소리 화면 불량없이 다 잘나옵니다 구매할때 당시에는 배송사고 문제라던지 불량있을까봐 걱정했는데 무사히 지나가서 다행이네요,1
잘받았습니다,1
노트북 교체를 위해 타사 노트북과의 비교를 위해 용산에 있는 모처를 방문하여 실사를 해보고 오프라인 정보와 온라인 비됴 증을 통해 궁극적으로 결정한 구매에 매우 만족합니다. 특히 기본 사양에 메모리와 하드를 추가하여 구매하게 되었는데 잘 했다는 생각이 앞서는 군요. 영상 편집작업을 같이하다보니 아무래도 그래픽과 메모리가 많이 고려되어 외장 그래픽과 메모리를 24기가로 추가하여 활용할수 있어 매우 만족입니다.,1
"4월6일에 시켜서 17일 오늘 왔네요 힘들었습니다 ㅠㅠgr** 노트북 하고 다른 외산 노트북 하고 비교를 꼼꼼하게 해서 산지 그런지 엄청 만족스럽고 팬소리는 받아서 사용해보니 알겠더군요... 가끔 급발진으로 팬소리가 치고 들어올때도 있지만 저소음모드를 키니깐 신경은 쓰이지 않았습니다 엄청좋은 패널(BOE),무선충전 패드,오래가는 배터리,가벼운 무개 거기에다가 어느정도 받쳐주는 성능까지 살만한 가치는 정말 충분하다 생각되는 오랜만의삼성노트북이네요 ㅎ",1
지난번에 구입했을 때 초기불량이 걸렸었는데 불량 확인하고 반품해주실때 친절해서 좋았습니다. 이번 빅스마일 때 더 저렴하게 구입할수있어서 만족합니다.패널이 정말 만족스럽고 무게도 가벼워서 백팩에 넣어다니기 부담스럽지 않아 좋습니다.휴대폰 충전기로도 충전이 가능해서 야외에서 급할 때 충전할 수 있는것도 장점입니다.,1
"이벤트해서 가격도 할인해서 구매잘한것같아요~ 급하게 구매했는데 배송도빨라요(일주일).7년 된 노트북 사용중에 너무 느려 바꾸게 되었습니다.그전보다 화질,무게 부팅속도가 확연히 틀려요!램도 16G 업글해서 사용하는데 프로그램 여러개 사용해도 버벅거리는게 없네여 사무용으로 사용하기 구매했지만 휴대용으로도 좋을것같아요디자인도 깔끔해서 만족해요! 그리고 타이핑감이 너무 좋아요ㅎㅎ구매 만족 합니다.",1
주문한지가 한 이틀정도 되었던것 같습니다. 택배사 문자를 받고 너무 놀랬습니다. 왜냐하면 10일정도 걸린다고 알고 있었거든요...그런데 오마이갓....너무 행복하게도 3일만에도착하였습니다. 두근거리는 마음으로 박스를 개봉하니 저렇게 이중으로 뽁뽁이 안전포장도 해주시고 너무나 섬세하게 포장해 주셔서 좋았습니다. 찐 박스를 오픈하니 색상이 무척이나 영롱하게 빛나고 있습니다. OS는 Windows 10 Pro를 설치할 예정입니다. 빠른 속도로 다시 한번 놀라움을 저에게 안겨주었으면 합니다. 사용 잘 하겠습니다. 감사합니다. 번창하세요~,1
코로나 때문에 배송이 많이 느리긴 했지만 만족하고 사용하고 있습니다. 무게가 가벼워서 들고 다니기 편하고 펜소음이 적어서 도서관에서 사용할 수 있어서 좋네요. 처음에는 그램을 살까 고민을 했는데 아무래도 외장그래픽이 있는 삼성 갤럭시 북 이온을 사는게 좋을거 같아서 샀는데 잘 산거 같습니다. 그리고 리뷰이벤트로 사은품을 받을 수 있어서 좋네요 ㅎㅎ.,1
너무너무 맘에 들어요 가격도 저렴하게 잘 샀어요 삼성노트북 5년동안 썼는데 그동안 고장 한번도 안나서 무조건 삼성노트북으로 사려고 고민고민하다가 디자인도 너무 예쁘고 성능도 좋은거 잘 골라서 구매합니다 갤럭시북 이온 진짜 맘에들어요 ㅠㅠ 단점이 있다면 우쉬프트가 작은거?? 외장그래픽 달린걸로 샀는데 영상편집도 잘되고 포토샵도 잘 돌아가요 ㅎㅎ 원래 11인치 노트북써서 15인치가 너무크지않을지 고민했는데 완전 가벼워서 오히려15인치 사길 잘한거같아요 색깔도 넘 이뻐요 추천추천추천!!! #삼성전자 #갤럭시아카데미 #노트북 #대학생노트북 #입학선물 #갤럭시북이온 #후기이벤트 #후기응모,1
"이번에 대학교에 입학하는 아들이 사용할 노트북으로 구매 했습니다. 그래픽 카드 탑재되어 있는 노트북으로 고르다가 구매 했습니다. 10세대 CPU탑재되어있고 지포스그래픽카드도 탑재도이었으면서도 무게가 1,2Kg 밖에 안되서 이모델로 구입했습니다. 무게도 가볍고 디자인도 이쁘고 참 잘 만든 노트북이네요~ 디자인도 아주 이뻐서 이번 신제품 이온은 참 잘 나온거 같네요~ 디자이 이뻐서 구매한 것도 있습니다.",1
가벼워서 진짜 놀랬어요.,1
d이번에 대학에 입학하게 되면서 새로 노트북을 장만하기 위해 알아보던 중 갤럭시북 이온을 발견하게 되었습니다. 원래 그램을 갈려고 하였으나 이번에 갤럭시북 이온이 너무 잘 나와서 이온으로 선택하게 되었는데 너무 만족스럽네요 디스플레이 화질도 너무 좋고 발열도 거의 없고 빠릿빠릿하게 작동하니까 너무 좋습니다. 거기다 무게도 가벼워서 들고다니기에도 편할거 같네요 이번에 처음 노트북을 사보는데 매우 만족스러워서 기분이 좋습니다. 다만 업데이트 할 때는 팬이 도는데 팬 소음이 조금 있다는거 정도는 알아두셔야 할거 같습니다. 그러나 평상시에는 거의 소음이 없다시피해서 만족스럽네요. #삼성전자#갤럭시아카데미#노트북#대학생노트북#입학선물#갤럭시북플렉스#갤럭시북이온#갤럭시북S#후기이벤트#후기응모,1
"저는 기존에 삼성전자 노트북9 METAL NT900X3L-K24W를 사용하였습니다.스펙이 낮아 1080/60P의 동영상도 재생되지 않고 카메라로 찍은 사진열어보는데도 시간이 많이 걸려새로운 노트북을 찾던 중 화려한 자체를 뽑내며 가볍고 내면(스펙)도 강한 갤럭시 북 이온을 구매하게 되었습니다.아우라 실버의 다양한 각도에 따라 색상이 다르게 보이는게 신기하네요, 지문인식 또한 빠르고 편리합니다.기대하던만큼 성능과 초경량 두가지의 밸런스가 좋아서 너무너무 맘에 들고 특히나 세계최초 노트북에 적용된 밝고 선명한 화질의 QLED 디스플레이가 너무 맘에 드네요그리고 갤럭시 북 플렉스와 갤럭시 북 이온이 한국에서 유일하게 아테나 프로젝트 인증 제품이라 더욱더 믿음이가구요제가 원하던 스펙을 모두 충족시켜서 너무너무 만족스럽습니다~#삼성전자 #갤럭시아카데미 #노트북 #대학생노트북 #입학선물 #갤럭시북플렉스 #갤럭시북이온 #갤럭시북S #후기이벤트 #후기응모",1
#삼성전자#갤럭시아카데미#노트북#대학생노트북#입학선물#갤럭시북이온#후기이벤트#후기응모,1
코로나로 집에서 싸강 들어야해서 구입했습니다우선 오프라인에서 비교해봤을때 lg그램보다 고급스러워보였어요 엘지는 뭔가 플라스틱같아보임 무게도 가볍고 유튜브에서 스펙비교해도 다 이온 추천하길래 구매했습니다 키감은 생각보다 괜찮아요 기대를 안해서.. 프리도스사서 윈도우 설치해야하는 번거로움이 있지만 싸게 잘샀습니다 사은품은 없어도 만족합니다 아쉬운건 오래기다려서 받았는데 찍힘이 있네요 교환하기 귀찮아서 걍 씁니다,1
이번에 대학에 들어가 노트북의 필요성을 느껴 인생 처음으로 노트북을 구매하기로 마음먹었습니다. 그램과 이온을 계속 고민하다가 이온의 평이 상당히 좋아 이온으로 정하고 구매하였습니다. 빅 스마일데이 할인으로 총 40만원 할인 받아서 131만원에 구매했습니다. 배송은 엄청 빠르고 포장도 잘 되어 옵니다. 뜯어보니 정말 만족했습니다. 그래픽도 MX250외장그랙픽까지 탑재. 좋은 상품 감사합니다. 잘 쓰겠습니다.,1
"예약상품이라 배송은 좀 오래 걸려서 주문하고 10일 후에 받았어요!9년 쓴 노트북이 이제 거의 제기능을 못해서, 그램이랑 한참 고민하다 여러 후기 보고 이온으로 샀는데 샀는데 잘 산 것 같습니다. 가볍고 디자인도 이쁘고 화질이 진짜 좋네요!!구성품은 본체랑 배터리가 다였지만 그래도 싸게 살 수 있어서 만족합니다. 윈도우도 꽤 쉽게 깔 수 있어서 미탑재 모델로 사길 잘한 것 같네요. 대학생용 노트북으로 좋아요!",1
"저는 노트북을 서핑, 넷플, 유튜브, 과제 이 정도 사용 목적으로 구매 했는데 정말 맘에 들어요! 솔직히 노트북에 대해 아는건 없어 유튜브 인터넷 등 찾아보니 삼성 이온이 좋다 해서 구매 했어요! 엘지 그램이랑 고민을 좀 했는데 삼성이온으로 하길 잘 한거 같아요! 좋은점은 터치패드 무선 충전기능이 있어 맘에 들어요!당연 터치패드를 사용할 때는 무선 충전 기능을 사용 못 하지만 급할때 유용하게 쓰여요! 넷플 보는데 화질도 참 좋고 ㅎㅎ 저 같은 용도로만 쓸 거면 딱히 메모리 추가는 필요 없을 거 같습니다 ㅎㅎ 아쉬운 점은 윈도우 키 까먹고 안보내 주신거..ㅠㅠ",1
"일단 배송시켰을때는 도착일 불명이었는데 다음날에 바로 도착했구요박스에도 삼성노트북이라고 써있어서 그런지 놓고 가실때 살포시 놓고 가시네요슬림5랑 고민했었는데 확실히 이온이 색감이 살아있고, 간단한 작업할 때 소음이 아예 없고소음이 있을때도 시끄러운 팬소리가 아니라 쏴아아아 하는 파도소리 처럼 들려서 거슬리지도 않네요배터리도 오래가서 아주 좋습니다",1
대학과제용도로 구매하여 2일간 사용해보니 매우 만족스럽습니다. 윈도우 미포함 제품이라 가격이 합리적이고 사양도 좋은 것 같습니다. 화면도 15인치라 사용하는데 충분한 크기이며 전체적인 마감이 깔끔합니다. 그리고 후면의 파란색 포인트 부분이 좋았습니다.,1
배송도 화요일출고돼서 수욜에왔습니다.. 원래는 일요일에 구매했지만 월욜에전화와서 화올에재출고된다해서 여튼 따져보면 하루만에 온거네요 포장이좀더 튼튼했으면 하는 바람도있습니다. 옵션없이 구입했습니다. 윈도우바로깔고 드라이버잡았습니다.. 그동안 i5 3세대구형노트북쓰다가 이 노트북써보니까 화질차이가 심하더라고요 ㅋㅋㅋ 눈아파요 너무짱짱해서 여튼 빅스마일최고의 가성비입니다. 고장나도 AS센터바로앞이라 든든합니다 많이파세요,1
노트북 외관도 이쁘고 다 마음에 드네요가장 마음에드는건 디스플레이인데 엄청 선명하고밝기도 엄청 밝아요 나머지 성능은 조금더 써봐야겠지만무게도 아주가볍고 노트북을 처음사보는거라발열이 있긴한데 심한건지 아닌지는 잘 모르겠어요 ㅋㅋ세일가에 아주좋은제품을 산거같아서 아주 만족합니다단점은 팬소음이 아주 강하게 날때가있어요 이게 생각보다 소음이 쌔네요 전체적으로 아주 만족입니다,1
"노트북 잘받았어요. 와이프 업무용으로 구매를 하였는데요. 인터넷 검새글 해보니 요즘 이온제품이 좋다고 리뷰가 많이 올라와서 구매하게되었습니다. 포장이 2중 3중으로 잘되어 도착하였네요. 처음엔 OS포함을 구매하려했느네, 배송시간이 오래 걸린다고하여 OS없이 재구매했습니다. OS설치하고 구동해봤습니다. 기존에 LG note 사용하고 있었는데 너무 오래된 제품이라 사용이 여간 불편한게 아니었어요. LG보다 삼성이 가격이 비싸긴 하지만 여러가지 고민하여 삼성 노트북을 구매했습니다. 현재는 발열적고, 소음도 거의 없네요. 배터리 용량이 커서 그런지 베터리도 오래가네요. 제품 구매하시는데 도움이 되었으면 합니다.",1
"1. 이전 노트북(13년 크로노스5 S78L)과 비교1) 키보드 : 키는 커지고, 간격은 좁어지고, 숫자키가 3열로 됨. shift키가 작지만 생각보다는 괜찮았어요.2)크기/무게 : 베젤이 작아지면서 크기가 작아지고, 무엇보다 1kg정도 가벼워줘서 좋네요.3) 어뎁터 : 크기가 작고 가벼워요.4) 성능 : I7 3세대와 당시 외장 AMD 그래픽 카드 대비 더 성능이 좋아졌어요. 기술이 많이 발전했네요.2. 이온 설치시 우려한 점1) 인터넷 어뎁터, 마우스 준비 : 둘 다 없어도 설치 할 수 있어요. E드라이브에 드라이버가 있어요. 삼성 update(Samsungsoftware.exe) 실행시키면 되요. 그럼 블루투스 마우스와 무선 인터넷 사용할 수 있어요.2) 팬 소음 : 드라이버 설치 후 삼성 셋팅에서 설정하니 소리가 잘 안 나요.3. 총평 : 이 정도 살려면 거의 최상급 노트북 구매해야 하는데 좋네요.",1
20년 5월 생산한 따끈한 제품으로 잘 받았습니다.,1
"가성비 노트북을 사고 내년에 이온 2세대를 살까 올해 이온을 살까 고민을 하다가 빅스마일 데이로 할인율이 괜찮은 거 같아 구매하였습니다.배송은 약 2일 정도 걸려 금방 도착하였고 다행히 박스 상태도 양호했습니다. 노트북을 개봉해보니 가벼운 무게와 얇은 베젤로 큼지막한 디스플레이, 그리고 밝고 진한 화면이 좋게 느껴졌습니다. 키보드가 비교적 트래블이 얇고 오른쪽 쉬프트 키가 반토막 나 있어 신경이 쓰였으나 몇시간 사용해보니 금방 적응이 되는거 같습니다. 좋은 노트북 잘 사용하도록 하겠습니다~!",1
"컴퓨터 판매하시는 지인이 직접 추천해주셔서 구매하게되었습니다. 비슷한 사양에 lg, 삼성과는 반값인 상품으로 가성비 갑!!! 몇일 고민하다가 주문했더니 상품 완판되서 엄청 오래 기다려 받았네요 ㅋㅋㅋ 기다린 만큼 만족 합니다~ 휴대할거도 아니고 컴알못이라 집에서 간단한 웹서핑, 문서작업 정도로 사용할꺼라서 무난하게 쓸수있을거 같아요! 메모리 작창도 어려움 없이 가능합니다! 키스킨도 딱 깔끔하고 무선마우스도 클릭하는 느낌 좋아요! 이래저래 다 만족합니다~ 많이들 사세요!!!",1
"속도 좋고, 화면크고, 디자인 고급스럽고, 숫자패드있고 짱입니다",1
업무용으로 가성비 엄청 좋아요. 대기업 제품은 비싸서.. 튼튼하기만 하다면 다시말해 고장만 안난다면 만족도 최고일듯. 무게는 알고 샀지만 그래도 무거운 감은 있습니다. 그래도 가성비는 알아본 만큼 만족도가 높습니다.,1
노트북인데 안전하게 포장되어 안심되었고 배송도 빠릅니다.,1
가성비대비 최고입니다 윈도우 설치 및 드라이브 설치는 알아서 해야하지만 방법이 나와있어서 따라하기만하면 됩니다잘쓰겠습니다^^,1
"절대가격 절대품질, 가성비 최고의 노트북, 총알배송??",1
가격대비 만족합니다. 하지만 op를 새로 깔아야한는 불편함 가격이 싼대신 암튼 ...,1
아수스 아주좋아요 빠르고 롤도 잘돌아가고 좋습니다 추천합니다,1
저렴한 가격이지만 성능은 결코 저렴하지 않네요!!,1
나에게 주는 선물로 장만했는데 가격대비 만족합니다 램 추가는 필히 하셔야 할것 같네요,1
제품 디자인이 세련되고 발열도 적고 소음도 적고 대체적으로 만족합니다. 근디 os 윈도우 10 설치가 안 되어서 애를 먹은거 빼고는 좋아요.,1
너무너무 마음에 들고 레노버랑 고민했는데 그건 3월말에 오기도하고해서 시켰는데 배송도 빠르고 너무 마음에 들어요 강추강추 이가격에 이정도면 진짜 감사해야함!,1
"가볍고 디자인도 우수하며 빠른속도,샘플하면서도 우아한 면이 돋보이고 배송도 빠른 면도 너무좋습니다성능대비 저렴한 비용은 최대 장졈이지요 제품에 무지 만족한답니다",1
장점:입소문처럼 중저가중 가성비 최고단점:사용한지 일주일이 지났는데 아직까진 없습니다.아쉬운점:백라이트만 있었으면 정말 좋았을텐데...,1
빠른 배송 감사합니다. 초등5학년 학습용으로 구매했는데 동영상도 선명하게 잘 보이고 좋네요.,1
집에서 업무볼 때 쓰려고 급하게 구매했는데 배송진짜 빨랐고요! 사실 ASUS 라는 제품은 처음 들어봤는데 가격도 좋고요. 컴퓨터 사양같은거 잘 몰라서 대충 검색해보고 샀는데 가볍게 사용하게 딱 좋은 것 같아요~! 타이핑하는 것도 부드럽고 놋북 자체 소음도 별로 없어서 만족합니다!,1
빠른 배송과 빠른 상품문의답변이 가장 만족스러？m고 약간 단차가 있늠부분이 한곳잇지만 전체적인 마감이 좋아서 그냥사용하려합니다 이가격대비 이정도상품을 쓸수있다는것에 램추가 저장공간추가까지 진짜 최고에요,1
주문하고 바로 다음날 빠른 배송 잘 받았습니다. 이전에 사용하던 노트북 보다 시야각이랑 액정 색상이 약간 물빠진듯 하고 베터리도 조금 아쉽지만.... 이만한 가격에 이만한 성능 더 바랄 것이 없네요 모든 것을 가격이 보상해 주네요 ^^,1
구매당시 4월 3~4째주 발송(or 입고)예정이라 봤어서 아 총선 이후에 받겠구나라고 생각했었는데 예상보다 빨리 받아서 좋았습니다. 요즘 시국에 중국공장이 정상운영이 안돼서 애가 타셨을텐데 고생 많으셨습니다.ASUS는 저희 집 데스크탑으로도 쓰고 있었고 지인이 노트북으로도 괜찮을것이라고 추천해주셨기 때문에 믿고 구매를 했는데 역시 좋네요.^ㅡ^ 블로깅용+미디어감상용으로 구입했는데 더할나위없이 좋았습니다. 버벅이지 않고 무게도 가벼워서 휴대가 편할것 같습니다.소음이 들리기는 했지만 크지는 않아서 신경쓰이지 않았습니다. 기다린 보람이 있네요. 좋은 제품 감사합니다. 건강 조심하시고 앞으로도 번창하시길 바랍니다.,1
오늘 받고 윈도우설치하고 대략 1시간 테스트하고 상품평 남김닙니다. 가격이 깡패에요. 그냥 무조건 지르세요 ㅎㅎㅎㅎ 게임이나 기타 무거운 프로그램 돌리기엔 무리가 있지만 이정도면 사무용이나 가정용으로는 최고의 가성비 입니다. 데스크탑만 사용하다가 노트북 처음 구매했는데 만족도가 높네요. 처음에 윈도우설치할때 해매서 판매자분께 전화했는데 친절한 응대도 감사드립니다.,1
일단 배송이 빠르고 제품 포장 잘해서 보내주고 성능좋고 가볍고 괜찬아요,1
사무용 가성비 최고네요 감사합니다,1
배송장난없음.. 다음날 바로옴ㅋㅋㅋㅋㅋㅋㅋ,1
병원이라서 아직 사용은 해보질 않았지만 나중에 사용하면 다시 리뷰 쓸게요.믿어야지요.,1
이 가격에 이렇게 가벼울줄 몰랐어요!!! 업그레이드도 싸게해서 너무 좋습니다?,1
생각보다 가볍고 좋네요.. 인텔 노트북만 쓰다가 AMD 처음으로 구매했는데 가격대비 성능 너무 마음에 듭니다. 잘쓰겠습니다,1
저렴한가격으로 잘산거 같아요,1
가성비 좋습니다,1
개쩌네요. 뭐 존나 좋습니다. 가성비를 떠나 그냥 존나 좋아요.,1
다른 노트북이랑 고민하다가 이거 선택했는데 너무좋네요 사양따지면 가성비에서도 최고고 디자인과 로고도 고급스러우며 이뻐서 맘에들어요 예약주문인데 배송도 상당히 빨랐습니다! 화면도 큰게 참 맘에드네요 추천합니다!,1
가볍고 성능도괜찮고 촉감도좋고 다좋았네요,1
성능 굉장히 만족스럽고 빠릅니다.무게도 가볍고요근데 발열이라 소음문제에 대해서는 잘모르겠내요.발열은 아무것도 안해도 50도정도되고 소음은 간헐적으로 갑자기 팬이 엄청돌아갑니다. 근데 소음도 금방 끝나지만 좀 걸리긴하내여. 근데 디자인은 너무너무 이뻐서 강추드리고 싶습니다!,1
제가하는작업 속도만족하게나오네요.제가하는작업이 총메모리 8기가중에 2기가는기본으로잡아먹고 6기가중에 5기가를 쓰는거라 12기가로할까고민했지만 지장이없어요.배송도 빠르고 속도도 만족할만한수준입니다.무게도 예전 15.6인치에비하면 가볍구요 ㅎ,1
"와이프가 가볍게 사용할 노트북을 구매하기 위해 비슷한 사양의 노트북들 총 4대(레노버, hp, acer) 비교 후 구매하였습니다. 1. 성능 및 무게 기본적인 작업에는 차고 넘치는 성능입니다. 이걸로 게임하시려는 분은 거의 없겠지만 롤 정도는 어느정도 돌아간다고 하니 참고하세요. 배터리는 35wh 짜리라서 오래 갈것 같지는 않습니다. 무게는 무거운 편은 아니지만 그렇다고 가벼운 편도 아닙니다. 휴대할 수 있는 마지노선 정도 무게라고 할까요. 물론 이이상 가벼운 노트북을 구매하려면 가격이 많이 오릅니다. 2. 디자인 및 타건감 보급형치고 마감이 괜찮습니다. 키보드 하판이 플라스틱이나 저렴해보이지는 않습니다. 키배열도 텐키가 들어있음에도 우측 잘 밀어놓아서 타건하는데 있어 중간에서 타건 할수있어 타자치는데 좋습니다. 그리고 에르고 리프트 힌지 적용되어 있어서 스텝컬쳐스 효과까지는 아니지만 약간이라도 경사가 져서 타건하기 편한 느낌입니다. 키보드 백라이트는 없는 부분은 아쉽습니다. 한가지 아쉬운건 우측 힌지 부분이 살짝 벌어져 있습니다. 그렇게 심한 건 아니지만 신경쓰이는건 어쩔 수 없네요. 3. 모니터 액정 IPS는 아니나 IPS급 AHVA 패널이 들어가있어 고급 디스플레이는 아니지만 그럭저럭 쓸만한 화질을 가지고 있습니다. 시야각은 상하좌우 좋습니다. 4. 업그레이드 및 확장성 옵션으로 램을 추가하면 가격이 꽤 비싼데 조금 더 저렴하게 팔았으면 좋았을 것 같습니다. 저 같은 경우에는 램을 따로 주문하여 추가 장착하였습니다. 하판이 생각보다 결속이 강해서 빼려면 손으로 살짝 벌리고 카드를 집어넣어서 살살 빼면 하판 분리할 수 있습니다. 용량이 128기라로 모자르면 2.5인치 하드나 ssd추가할 수 있는 점은 좋습니다. 5. 쿨링 구조 쿨링 구조가 에르고 리프트 힌지로 벌려진 사이로 바람이 유입하여 메인보드 및 cpu 쪽으로 분사하는 구조인데 이것보다 일반적인 구조(히트파이프로 cpu 열해소)였으면 더 좋았을 것 같습니다. 발열해소에도 불리하고, 먼지 유입할 가능성이 높아보입니다. 6. 최종평 가볍게 사용할 노트북을 구매하려고 한다는 분들 중 종류 가 워낙 많아서 잘 모르시겠다는 분들은 이 제품 사시면 후회는 안하실겁니다. 십일절 할인으로 본품 36.7만+램 별도구매 2만=38.7만원으로 이 정도 사양 및 디자인의 노트북을 구매한 건 합리적인 소비라 생각합니다.",1
가격대비 만족해요 너무 무겁지도 않고 적당한거 같아요ㅋ가벼운걸. .원한다면 돈 더 많이주고 그램?ㅋㅋㅋ집에서 핸드폰으로 영화 보기가 화면도 작고 좋지 않아서테블릿도 생각했는데 아이폰유저라 아이패드도 생각은 했는데 가난뱅이라ㅠㅠ 포기. .그래서 이걸 선택!일단 발열도 심하지않고 무계도 나쁘지 않고 속도도 괜찮은편이요 노트북을 내돈주고 처음 사보는거라 막 사람들한테물어보고 구매를 했는데 이정도면 보통이라고들 하네요(컴알못이라. .) 영화보는것도 딸리지 않고 좋네요 아쉬운건 화면이 좀 어둡다고 할까요? 그래도 가성비 치곤 잘 구매한거 같아요 무선 마우스 없어서 좀 불편ㅎ,1
50도 안되는 가격에 좋은 노트북 사서 씁니다.,1
"일단 외관은 깔끔하고 예쁩니다 ! 재질에서 고급스러운 느낌이 들고, 색상은 빛을 받는 방향에 따라 푸른색에서 녹색사이의 여러 색상을 나타냅니다. 무게는 15인치 그램이랑 같이 들어봐야 조금 더 무겁다는 느낌이 들뿐, 갤럭시북 이온만 든다면 적당히 가볍다는 생각이 듭니다. 갤럭시북 이온을 펼치고나면 지문인식하는 부분의 색이 파란색이라 가장 먼저 눈에 띄고, 그 부분으로 인해 우측 shift 키가 작아진 것을 알 수 있습니다. 전반적으로 키감은 기존의 노트북들에서는 느껴보진 못한 가벼운 느낌이라 호불호가 갈릴 수 있습니다. 개인적으로는 적응하면 나쁘지 않을 것 같아요. 무엇보다도 갤럭시북 이온을 선택한 디스플레이인데요, 화질과 색상이 쨍한 건 예상대로 잘 나와서 만족스럽습니다. 충전기도 휴대하기 좋은 크기이구요. 만족스럽습니다.",1
"기존에 사용하던 노트북이 2kg 그램이라, 학교에 들고 다니기 살짝 버거운 감이 있어 가벼운 노트북을 찾다가 눈에 들어온 제품이 바로갤럭시북 이온인데요! 제가 구매한 제품은 갤럭시북 이온 NT950XCR-A58A인데 사양은 I5, SSD 256기가, 1.19키로그램으로 가볍고 콤팩트한 제품입니다.처음 제품을 개봉했을 때, 요즘 삼성 휴대폰에 탑재하는 컬러인 아우라 계열을 탑재해 빛에 비친 각도에 따라 다르게보이고 아주 이뻤습니다.한 두달 전부터 관심을 가지고 찾아 보았던 노트북인만큼 기대를 져버리지 않는 만족스러운 제품이었습니다.두께는 100원 동전 절반 정도 되고, 무게는 한손으로 들 수 있을만큼 가벼웠고, 그 중 백미는 QLED를 탑재한 디스플레이였습니다. 아무 많은 색상영역을 지원하여 다채롭고 풍부한 색감을 느끼실 수 있을 것입니다.참고할 만한 사안으로, 이 모델은 프리도스 모델이라 윈도우가 설치되어 있지 않습니다. 컴퓨터에 문회한이시라면 윈도우가 설치된 모델을 추천드립니다!",1
배송은 생각보다 빨랐구요.온라인으로 사는게 좀 걱정이었는데 박스 파손없이 깔끔하게 왔어요.그램이랑 고민했는데 주변에 조언도 듣고 리뷰 등 꼼꼼히 비교해보고 선택한건데 만족합니다.외관 디자인 색상도 고급지고.오래된거 쓰다가 바꾼건데 빛의 속도로 빠르고 좋네요ㅋ다만 발열팬 소리가 조금 거슬리긴하는데 첨이라 적응되면 괜찮겠죠?^^,1
"15인치인데도 들고 다니기에 무게 부담없고화면의 깨긋하게 보이네요배터리 충전,사용시간,충전방식 모두 다 만족합니다.키감도 좋고 빽라이트 기능도 들어 있어 사용하기에 편해요사무용,출장용으로 쓰기에는 딱 맞는 모델같아요.삼성노트북 갤럭시북 이온 모델입니다.15인치에 그래픽의 내장인데도 nvmw ssd가 장착되어 있어 시원스럽게프로그램의 돌아가네요보조배터리,휴대폰 충전기로 충전이 가능해서 배터리 걱정은안해도 될듯해요외관도 아우라 색상이라 보는 각도에 따라 색의 변하네요",1
#삼성전자#갤럭시아카데미#노트북#대학생노트북#입학선물#갤럭시북이온#후기이벤트#후기응모 개인적으로 노트북 구매는 처음이었는데 입학용으로 괜찮다고 생각합니다. 특히 썬더볼트 기능이 있어서 노트북 그래픽성능이 혹시 조금 모자라도 외장 그래픽 박스를 사용하면 기능의 부족함도 크게 문제로 보이지는 않습니다. 가격면 성능면 무게감 여러가지로 고려해 봤을때 만족한 선택이였습니다,1
고민 고민 하다 샀는데 마음에 들어요,1
아들 대학교 입학 선물로 노트북을 사주려고 결정한 후 인터넷으로 검색하고 구매하려고 하니 컴퓨터에 대해 잘 알지 못하여 직접 가서 여러 판매원분들의 자세한 설명을 들으니 결정하는데 도움이 되었습니다. 좋은 노트북이 어떤 것인지는 결정되었으나 가격이 걱정이었는데 지마켓에서 세일한다는 말을 듣고 검색해보니 나의 고민이 해결되었습니다. 좋은 성능의 컴퓨터를 저렴한 가격에 구입할 수 있다는 것을 판단하고 구입하게 되었습니다. 저렴한 가격에 좋은 성능의 컴퓨터를 아들에게 선물해 줄 수 있어서 너무 너무 행복합니다.감사드립니다.,1
가볍고 깔끔하고 세련되보여요 동생이 이번에 대학들어간다고 해서 삿는데 동생이 엄청 좋아해요!!,1
"고3 수능이 끝나고, 대학을 이제 가려한 아들을 위해서 구매했습니다! 어떤 노트북을 살지 아들에게 물어봤는데, 바로 갤럭시 북 이온을 말하더군요...그래서 사전판매가 시작되기도 전부터 저희는 이 노트북을 기다리고있었습니다!아무레도 대학생활을 위해 구입하는 노트북이다보니 처음에는여러가지 조건을 보게되더라구요..근데 갤럭시북은 배터리 타임도 길어 충전기를 안들고 다녀도 되고, 디자인도 넘 이쁘고, 가볍기까지하니 넘 좋은것같았어요! 심지어 덜렁대는 아들을 위해 충전선을 안챙겼을때 무선충전기능까지 지원하니...넘 좋고 재밌는것같아요.ㅎㅎ구매 잘한것같네요! 고맙습니다 삼성! #삼성전자 #갤럭시아카데미 #노트북 #대학생노트북 #입학선물 #갤럭시북플렉스 #갤럭시북이온 #갤럭시북S #후기이벤트 #후기응모",1
"배송이 조금 마음에 들진 않았지만 노트북 자체는 가성비 좋고 가격도 저렴하게 잘 구입했습니다.갤럭시 이온이 다른 노트북들에 비해 가볍고 디자인도 심플하네요. 삼성 갤럭시 노트10도 사용중인데 덱스연동 및 무선배터리 충전기능도 있어서 사용에 상당히 편리하고 화면도 QLED라 더 선명한 것 같고 특히 밖에 나가서 화면밝기도 다른 노트북들에 비해 더 밝은 것 같습니다. 충전시간도 충전없이 10시간정도 쓸 수 있고, 일반 배터리팩으로도 충전을 하면서 쓸 수 있어서 충전에서도 꽤 성능이 좋은 것 같습니다.하지만 지문인식을 키보드안에 넣어야 했는지... 그건 의문이네요... 자판밖에 빼면 더 편리할 것 같았는데 이부분은 좀 불편한 것 같습니다. 지문인식키 자리만 빼면 정말 괜찮은 노트북입니다. 적극 추천드려요.#삼성전자 #갤럭시아카데미 #노트북 #대학생노트북 #입학선물 #갤럭시북플렉스 #갤럭시북이온 #갤럭시북S #후기이벤트 #후기응모",1
"노트북을 결제하고 나서 정말 빠르게 배송되었습니다. 다음 날 노트북이 도착했던 것 같아요. 뽁뽁이로 안전하게 잘 쌓여있었고, 기사님도 신경써서 배송을 해 주셨습니다. 구성품은 충전기 어뎁터와 노트북으로 구성되어 있습니다. 마우스는 이벤트를 통해 3000원 배송료를 지불하고 받을 수 있습니다! 윈도우를 설치하고, 여러 프로그램들도 설치한 뒤에 노트북을 까페에 가져가서 사용해 보았습니다. 15인치이지만 매우 가볍기 때문에 이동성이 너무 좋습니다. 여성분들이 가지고 다니기에 정말 적합한 무게입니다. 이온은 세계최초로 QLED를 사용했다고 하는데, 유튜브를 정말 깨끗하고! 선명한! 화질로 감상할 수 있습니다. 제가 가지고 있는 애플제품보다 더 선명한 것 같아요..^^ 신기한 것은 핸드폰 무선충전인데, Fn+F11을 누르면 핸드폰을 충전 할 수 있습니다. 제가 가지고 있는 두꺼운 실리콘 케이스를 빼지 않아도 충전이 잘 되더라구요! 노트북은 바라보는 각도에 따라서 푸른빛을 띄기도 하고 핑크빛을 띄기도 합니다. 가볍고 예쁜 노트북을 찾으시는, 생산성 위주로 사용하실, 특히 여성분들에게 추천하는 노트북입니다.",1
그래픽카드를 내장으로 할지 외장으로 할지 고민하다 그냥 내장으로 결정했는데 내장으로 해도 엄청 만족감을 느낄정도로 아주 좋습니다.대신 저는 프리도스 상품으로 구매하였는데 저 다음으로 구매하실분들은 마우스를 꼭 구비해두시길 바랍니다 프리도스는 드라이버도 설치가 안되있기 때문에 마우스없으면 아무것도 못하고 또 저는 와이파이로 사용해야 되는데네트워크 드라이버가 당연히 설치 안되있었기 때문에 폰연결해서 네트워크 드라이버만 먼저 설치하고 와이파이 연결을 통해 나머지 드라이버를 설치 완료했습니다.꼭 확인하시고 정말 가격에 비해 만족스럽습니다.#삼성전자#갤럭시아카데미#노트북#대학생노트북#입학선물#갤럭시북플렉스#갤럭시북이온#갤럭시북S#후기이벤트#후기응모,1
일단 그램이랑 고민했는데 갤럭시북이온으로 결정했어요! 정말 가볍구 너무 예뻐요!! 화면도 정말 선명하고 좋아요 물론 윈도우가 안깔려있는걸 사서 대학생인증받고 까는데 꽤 힘들었지만 그래도 정말 싼가격에 구매할수있어서 좋았어요!!!진짜 갤럭시북 이온 짱이에요 15.6인치라서 너무 큰거 아닌가 생각했는데 딱 적당하고 에코백에도 노트북파우치에 넣고 넣어도 잘들어갑니당 배송은 한 2~3일 걸리는 것 같아요,1
"코로나때문에 배송이 조금 늦긴했지만, 그래도 잘 받았습니다 생각보다 훨씬 가볍고 화질도좋네요. 노트북색깔도좋고 사은품도 맘에드네요!",1
좋아요.,1
어느날 아버지께서 노트북이 필요하다고 말씀하셨습니다. 강의용으로 쓸만한 소소한 노트북 알아봐달라고 하셨어요. 30만원대 얘기하시더라구요. 그렇게 알아보던중 이왕 쓰실거 브랜드 노트북이 나을것 같아서 고민하던중에 엘지 그램으로 선택했어요. 주변에서도 엘지그램을 추천해주셔서요. 15ZD90N-VX50K가 문서 업무하기에는 최상의 스펙인것 같아 결정했어요.처음 말씀하셨던 노트북과 가격차이는 꽤나지만 마음은 흐뭇해요. 좋은 노트북 잘 활용하셨으면 좋겠습니다.,1
이번에 딸래미 고등학교 입학 기념으로 구매하게된2020년형 엘지 그램 노트북 너무 너무 가볍고 성능도 빠르고 정말정말 좋아요. 거기다 예쁘기까지~~~ 주문하고 배송까지 생각보다 빨리와서 너무 좋았어요.같이 보내주신 정품 파우치도 맘에 드네요. 오래된 데스크탑 컴퓨터 쓸땐 느리고 작동도 안되서 답답했는데 이번에 구매한 2020년형 엘지 그램 노트북 써보니 이건 완전 신세계네요. 너무 탁월한 선택인거 같아요. 딸래미랑 같이 잘 쓰게 될거 같아요. 다음에 다시 노트북 사게되면 그때도 꼭 그램 노트북으로 사고 싶네요.왜 다들 그램 그램 하는지 알 거 같아요.,1
조카가 고등학교 졸업하고대학에 입학하면서선물로 노트북을 해주려고이것 저것 알아보다고결국 2020 엘지그램으로 확정하고최저가를 알아보던중빅스마일데이에서 정말 좋은가격으로때마침 나와주서 구매했습니다.배송도 오래걸리지않고생각보다 빨리왔네요.배송와서 실물로 보니무게도 정말가볍고이미지보다 훨씬이쁘네요조카한테 정말 좋은 선물이될것같아요.좋은 상품 좋은가격으로정말 잘샀습니다.감사합니다.,1
배송 빠르고 좋습니다. 다만 키스킨 증정이라고 쓰여있었는데 안주셨네요. 댓글을 보신다면 키스킨을 보내주세요.,1
노트북이 고장나서 노트북중에 최고라는 그램을 구매했는데 만족합니다 윈도우 까는 것도 쉽게 설명이 되있고 생각보다 조금 무겁고 발열이 심한거 빼곤 만족해요,1
진짜 빨리 도착했고 그램답게 가볍고 잘돌아가요 잘쓰겠습니다,1
데스크탑에서 포토샵 일러스트 작업 하다가 밖에서 옮겨작업할 용으로 구매했어요. 디자이너 모임에서 추천받았는데 역시 노트북은 가벼운게 짱이라고.. 무거우면 안들고다닌다고..ㅋㅋ 특히나 체구 작고 힘 약한 여자가 들기엔 가벼운게 짱인거 같아요. 옛날에 동생이 13인치인지 14인치를 사용해서 그거 제가 들고다니면서 썼었는데 그래서인지 매장가서 17인치 봤을땐 너무 커보이더라구요. 15인치가 아무래도 포샵일러 하기엔 작다고들 하시지만 전 괜찮을거 같아요 인텔 10세대로 업글돼서 나왔다 하니 포샵일러 돌리기에 무리 없기를 빌어야죠 글고 무엇보다 디자인이 깔끔해서 좋아요.ㅎㅎ,1
어제 주문하고 하루만에 받고 받자마자 윈도 설치하는데 완전 빠릅니다윈도우 + VM 으로 리눅스 돌리려고 구매했는데 중복 할인에 카드 할인까지 되어서 저？c한 가격에 i5 10세대 작용한 그램을 가져왔네요개인적으로 단점은 윈도 설치 하고 LG DnA center이용하여 드라이버 잡는데 좀 지루한거 같아요그외는 딱히 흠잡을게 없을거 같아요 판매자님 많이 파세요!,1
좋은 노트북입니다. 깔끔하고 화면도 시원합니다..앞으로도 기회가 된다면 다시 한번 구매하고 싶습니다..,1
일단 디자인이 넘 맘에들고 진짜 가벼워요..아이들 새학기라 구매했는데 정말 잘한것같네요.그리고 배송도 하루만에 도착..잘사용하겠습니다.번창하세요^^,1
"2020년 LG 그램 15인치 모델을 구매하기 위해 많이 기다리다가 사전예약으로 구매했습니다 ㅎㅎ배송시에 뽁뽁이가 촘촘하게 둘러쌓여 안전하게 도착하였고요~LG 그램 사전예약 이벤트 역시 아무이상없이 신청하여 기분이 좋네요 ㅎㅎ또한, 지인이 다른 쇼핑몰에서 구매하였는데 1월 마지막주부터 배송해준다길래늦게 받겠구나 했으나 저번주에 도착하여 개봉해서 잘 사용중입니다 ㅎㅎ강력 추천이요~",1
우선 아시다시피 너무 가볍습니다ㅎ들고 다니는데 너무 편하고 좋아서 너무 만족하고 있습니다.디자인도 이쁘고 프로그램도 잘 돌아가니 더할 나위 없습니다.예약 구매해서 사은품도 곧 올거같은데 가격이 쫌 비싼감도 있지만 사은품 생각하면 괜찮은거 같습니다.사은품 메모리로 업그레이드 하면 10년은 족히 써질거 같네요ㅎ암튼 결론은 너무 잘 산거 같고 만족합니다ㅎ,1
"15인치 딱 적당하고 가벼워서 마음에 쏙 드네요 ^^ 파우치도 깔끔하고 사은품도 장패드, 마우스패드, 키스킨, 파우치, 무선 마우스까지 엄청 많이 챙겨주셨어요 ㅎㅎ 행사기간이라 저렴한 가격에 좋은 상품 사게 되어서 좋습니다 ^^",1
삼성 노트북만 쓰다가 처음으로 그램을 구매했는데 매우 만족스러워요. 무게가 매우 가볍고 사용감도 부드러워서 이동 및 사용에 용이합니다. 용량을 더 추가했는데 아주 만족스러워요^^,1
딸 대학입학 선물했어요~가볍고 좋네요,1
동생이 너무 사고 싶어 해서 지마켓의 위 판매자에게 노트북을 구매하게 되었습니다. 궁금한 점 문의하면 답변도 잘해주시고 결함 없는 물건을 빠른 시간 안에 받아 볼 수 있었던 거 같습니다. 감사합니다.,1
배송이 지연되긴 했지만 제품은 정말 좋습니다! 무게도 가볍고 화면도 짱~ 하니 좋은것 같아요ㅎㅎ,1
"LG 그램 15인지 10세대 i5 (프리도스)를 이 가격에 살 수 있다니!!! 대박사건!!!^^ 포장도 꼼꼼하게 잘되어 있어서, 흠집도 없었구요, 보자마자 미소가 절로 나오는 노트북입니당^^ 색깔로 너무 이쁘고, 사은픔도 빠짐없이 꼼꼼하게 모두다 받아서 정말 좋았어요! 무게에서 이미 끝났습니다^^ 정말 가볍고, 좋아요!!!",1
워낙 인기많은 모델이라 그런지 구매하자마자 재고가 없다고 해서 취소하고 다른데서 살까 하다가 그래도 여기만큼 저렴한데가 없길래 기다렸는데출고된 날부터 배송은 상당히 빨랐어요 아주 만족입니다그리고 램이랑 용량 추가를 했는데 궁금한 점 문의도 답변을 빨리 주셔서 좋았어요노트북은 역시 그램이라 그런지 정말 가볍고 ㅋㅋ 하얀색이 너무 이쁘네요ㅜㅜ 열어보니까 생각보다 모니터도 커보이고 굉장히 맘에 듭니다 휴대하기에도 아주 좋은거 같아요,1
"중학생 아이 학교 수업이 인강으로 하는바람에 오래된 노트북으로 쓰다가 캠화면이 너무 안좋아 알아보게 되었어요.어떤 노트북으로 할까 고민고민하다 그동안 그램을 갖고 있는 친구들을 많이 부러워해서 큰맘먹고 사게됐어요.제 기준에서는 나무랄데 없는 속도, 시원한 화면, 심플한 디자인 등등 최고이구요, 아이도 입이 귀에 걸리게 좋아라 하네요.배송도 빨리 배송해주고 사은품도 따로 살 필요없이 무선마우스, 파우치 등 필요한건 다 있어서 좋구요,노트북 사려고 알아볼때만해도 컴맹이라 윈도우를 어떻게 깔아야 하나 고민했었는데 유투브 도움받아 무사히 잘 깔았답니다.",1
"코로나 때문에 배송예정일이 3월 27일이었는데 1주일 빨리 도착했어요! 성능도 좋고 발열도 심하지 않고, 그리고 가볍고 휴대성이 정말 좋은 것 같아요!! 그램을 구매하시려는 분들께 이 제품을 추천합니다.!!",1
배송도 생각보다 빨리왔고 상품도 넘 만족해요~!!,1
포장 꼼꼼하게 해서 빠르게 도착했어요 :)감사합니다!,1
엘지그램 빠르고 좋네요직접 윈도우 깔고 해야됩니다 사은품은 없네요그치만 빨라서 좋아요,1
가볍고 완전 빠르고 좋아용,1
주문한지 3일만에 배송되었습니다.,1
어제 주문했는데 오늘 배송완료! 집에 와서 바로 언박싱!ㅋㅋㅋ,1
고2 딸아이가 16일부터 인강수업으로 개학이 된다래서 부랴부랴 주문하는차에 좋은가격으로 구입했어요.금요일 주문에 토요일에 배송됐네요.윈도우는 개별적으로 낄아야하고 문서작업하려면 오피스도 구입해야할 듯 합니다.다른 무엇보다 기다리는 수고가 덜하게 익일배송이 되어져서 매우 만족합니다.,1
관리자분들도 친절하십니다. 그리고 무엇보다 받아본 상품이 제시된 내용과 같아서 만족했어요.,1
"생각보다 저렴한가격에 구입할수있어서좋았습니다무선마우스,키스킨등 사은품도있어서좋구요3월까지 lg전자에서 이벤트도있어서신청했습니다 너무좋아요~~화질도짱이예요~만족합니다",1
포장 꼼꼼하게 잘 왔구요 무선마우스랑 마우스패드 위에 보이네요 하얀색이라 전체적으로 깔끔하고 좋아보여요 윈도우정품깔고 한글이랑 오피스 깔고나니 기본 120g로 했더니 용량의 압박이 좀 오네요 추후에 하드사서 추가하던지 해야겠어요 램은 8g로 업글해서 그나마 그래픽에서 잡아먹고 남는 램이 5.1g로 보였어요포장 꼼꼼하게 잘 왔구요 무선마우스랑 마우스패드 위에 보이네요 하얀색이라 전체적으로 깔끔하고 좋아보여요 윈도우정품깔고 한글이랑 오피스 깔고나니 기본 120g로 했더니 용량의 압박이 좀 오네요 추후에 하드사서 추가하던지 해야겠어요 램은 8g로 업글해서 그나마 그래픽에서 잡아먹고 남는 램이 5.1g로 보였어요,1
잘 받았습니다 많이 파세요,1
"사진이랑 똑같아요꼼꼼히 비교하고 선택한 제품인데브랜드, 가격, 성능면에서가성비로는 최고인것 같아요",1
너무만족합니다. 피씨 처리하면서 구매했는데 넘 이쁘고 좋아요,1
"먼저 유니씨엔씨 판매자분께 감사드립니다. 고민하다가 개학이 다가와서 노트북을 교체하면서 유니씨엔씨에 전화하여  질문도 많이하고 급하게 구입하면서 다음날 받기로하고 구입했으나 대한통운에 문제가 생겨서 노트북 도착이 늦어져서 판매자에게 전화를 하여 퀵으로 받아서 다음날 기숙사로 가지고 들어갈 수 있었습니다.  현재 노트북도 나쁘지 않지만 케드와 공학 설계,시물레이션 을 하기는 무리가 있어서 구입했는데 아이가 최고라고 좋아하네요.. 배려와 약속을 지켜주셔서  정말 감사합니다..",1
아 사장님.,1
더 오래 기다릴 각오였는데 생각보다 빨리 받아서 너무 좋았어요. 11번가에서 쿠폰 줬을때 구매해서 할인도 많이 받았고 덕분에 업그레이드도 부담 없이 했어요.노트북이라 더 써봐야 알겠지만 아주 만족스럽습니다.깔끔하게 생겨서 너무 좋은데 흰색 노트북은 처음이라 조금 겁나네요! 깔끔하게 쓰고싶은데 말이죠~사은품 마우스랑 마우스 패드도 유용할거같고 추가로 구매한 키스킨도 좋아요!액정필름은 잘못붙여서 조~금 아쉽지만 나중에 바꾸면서 잘 붙이면 되죠!좋은 노트북 합리적으로 구입한거 같아 참 뿌듯합니다~ 잘쓸게요!,1
"SSD의 성능 때문에 삼성노트북만 삽니다.그런데, 좀 비싸지요...이곳은, 프리도스지만 Windows10을 선택하면,함께, 삼성 리커버리솔루션(복원솔루션)까지 깔아주네요.정말 탁월한 선택을 한듯 합니다.삼성 리커버리솔루션을 파티션 나눠서 깔면, 수십만원 더 비싼 Windows10 탑제 정품과 똑같은 수준이 되지요.윈도우즈 까는  수고도 덜고...제품 오자마자 아주 손쉽게 나머지 세팅을 진행할 수 있었습니다.정말 감사합니다... ^^",1
저렴한가격에  메이커pc를 구매해서 좋습니다가성비 사은품도 있어서 좋아요,1
사무용으로 저렴한 브랜드 알아보다가 보는순간  다른건 눈에 안들어와서 구매했습니다. 이쁘고 윈도우10깔고 줬더니 받은사람이 넘넘 좋아하네요^^ 고장없이 잘 사용했으면 좋겠어요^^,1
싸게잘삼,1
주문하자마자 배송이 온 느낌이구요.포장상태 좋았고 노트북은 사용해봤는데 진짜 좋아요.무엇보다 저렴하게 구매할 수 있었어서 만족스럽구요.앞으로도 좋은 상품 좋은 가격에 판매해주셨으면 좋겠습니다.많이 파세요~ 감사합니다~!!,1
빠른배송감사합니다 하루만에도착했네요구매후 셋팅까지 금방했습니다.처음셋팅시 펑션키+F2로 시모스 부팅 설정후펑션키+ F12 로 유에스비 부팅했습니다펑션키조합이 있는지모르고 조금 해매서시간걸린거빼고는 만족합니다.,1
라이젠cpu 특성상 듀얼로 메모리 구성하면 더 빨라져요 사은품기간에는ssd 256추가 메모리는 별도구입해서 설치가 저렴하고요 . 상위 모델 라이젠 7 이나  5  엘지에서 나온거 원도우 10포함해서 가격 검색해보심 더이득입니다. 20 에서 30 차이인데  그래픽 cpu  업글모델에 원도우기본설치,1
생각했던거보다 더 좋았고 lg라 수리점도 가까워서 더 좋아요. ,1
아버지 폰으로 리뷰를 씁니다색감은 첫번째 사진이랑 비슷하고요게임보다 그래픽작업과 영상편집 용으로 구매한거지만 게이밍이라 대부분 게임은 다 돌아갑니다 모니터가 144hz라 눈도 편하고요추가 구성 상품은 따로 구입하시는걸 추천드립니다특히 액정보호필름은 빛반사가 심해서 하루만에 떼어버렸습니다. 안 붙였을때는 거의 느끼지 못합니다. 다른 것도 구매한것 치고는 썩 마음에 들지 않았네요. 발열과 무게가 조금 나가긴 하지만 성능을 생각하면 그리 크지는 않습니다. 마지막으로 성능에 비해 가격이 더 나가는 제품입니다. 그러나 삼성의 마감처리와 as 시스템을 감안하면 전체적으로 괜찮아요. 그러나 현재 3월 중순인 만큼 2020 버전을 기다리시는것도 나쁘지 않을것 같습니다.,1
노버 Y540-15IRH i5 Edition PRO/1660Ti 재고보유 / 3월신상,1
"라이젠은 처음써봤는데 업무용으로 쓰기 좋은거같네요웹서핑, 엑셀, 유튜브 이런거 다 잘됩니다^_^화질도 좋아요~",1
"코로나로 인해서 온라인 개학을 한다기에 구매 하였는데  생각보다 배송이 빠르게와서 개학전에 안오면 어쩌나 했는데  다행입니다!!!깔끔하게 생겨서 매우 만족하고 부팅도 빠르게 떠오릅니다,,,,^^*8메가램,,  256 ssd 메모리 추천합니다...!!! ",1
익일 수령!! 정품 확인!!,1
빠른배송 합니다. 키보드 마우스 요청합니다..,1
좋아요.배송빠르네요.,1
"노트북을 처음샀는데 색상, 디자인 모두 깔끔해서 마음에 들어요!!가격도 저렴한데 사은품도 이것저것 다 챙겨주셔서 너무 감사합니다ㅎㅎㅎ가성비 최고!!",1
저렴한가격에 쓰긴 좋으네요13일에 주문해서 25일에 받았어용,1
어머니가 저 대학간다고 노트북을 사주신다고 하셔서 고민하다가 컴퓨터공학과 이기도 하고 게임도 할거라서 삼성 오디세이 노트북으로 골랐습니다ㅎ 기대하고 사용해봤는데 팬소리가 생각했던거보다 살짝 컸지만 신경쓰이는정도는 아니네요 발열은 이전에 쓰던 노트북에 비하면 좋아서 만족스러웠습니다 성능은 뭐 말할것도 없이 좋았습니다 배송도 나름 빨랐구요 몇년동안 노트북 바꿀 걱정은 안해도 될거같네요 ㅎㅎ,1
전부터 게이밍 노트북 갖고 싶었지만 워낙 게이밍 노트북에 대한 평들이 안 좋아서 고민만 하다가 코로나19로 집에만 있는 아이랑 같이 게임하면서 놀아줄려고 급하게 구입하게 됐는데 정말 만족스럽습니다. 주변에서 게임용으로 구입하는거면 데스크탑으로 하나 더  맞춰라 가성비 좋은 중소제품이나 외산 브랜드로 구입해라 하며 다들 말려서 고민을 많이 했는데 막상 구입해보니 생각보다 소음도 그렇게 크지 않고 발열도 심하지 않고 게임도 잘 돌아가고 베젤이 얇고 화면이 선명해서 그런지 15인치 화면이 많이 작게 느껴지지도 않고 게이밍 노트북이라고 노트북 두께가 두껍거나 무겁지도 않아요. 오늘 받아서 하루 사용해본거지만 여러가지로 장점이 더 많은 노트북 같아요.,1
배송은 주문후 다음날 바로 받아서 빠른편 입니다. 문서 작성용 으로 사용 하려고 알아보다가 마침 세일 하길래 바로 주문했는데 같이 보내주신 사은품도 마음에 들고 화질도 괜찮습니다. 성능은 앞으로 사용 해봐야 알겠지만 적당한 가격의 제품 이라고 생각이 듭니다.,1
비슷한 사양의 다른 제품을 좀 더 저렴하게 구매할까 아니면 a/s 편한 삼성 제품을 구매할까 고민하다가 그래도 믿고 삼성 제품으로 구매하였는데 잘 선택한 것 같아 너무 만족스럽습니다. 삼성디지털프라자에서 같은 모델이라 할 수 있는 제품과도 비교해 보았는데 SSD의 차이만 있고 거의 똑같은 것 같더라구요. 그에비해 온라인 판매와 가격차이가 많이 나서 이 제품을 정말 잘 구매한 것 같습니다. 아직은 전원 버튼만 켜 봤는데 앞으로 사용해보고 어떤지 보면 더 좋을 것 같습니다.,1
lg 에서 저렴하면서 가성비 좋은 노트북을 출시 해서 as 걱정 없고 가성비 좋은 상품을 구입함,1
"가성비좋습니다.....업그레이드해서 그런지 속도도빠르고,,,,다만",1
다행히 램 추가 이벤트때 주문해서 업글된 노트북 받았어요 ㅎ 전 ssd까지 업글해서 성능이 더 빠른 것 같아용 잘 쓸게요!,1
LG에서 라이젠 노트북이 처음 나와서 구매했습니다,1
Y540-15IRH i5 Edition PRO 드디어 도착!,1
기존에 쓰던 pc가 오래되어 느려져서 기변을 고려하던 중 이 노트북을 알게됐어요. 저렴한 외산제품들이 스펙은 더 나았지만 LG라는 브랜드를 보고 이 제품을 구매한게 가장 큰 이유입니다. 문서작성 및 웹서핑이나 홈택스 및 금융사이트 접속이 주 이용처라서 고사양은 고려하지 않았습니다. 키감은 괜찮은편이나 우측에 따로있는 번호판 중 +플러스버튼과 /슬러시 버튼 위치가 좀 헷갈리네요.,1
부품 변경됐다고 하더라도 성능 차이가 많이 안 날 것으로 예상되어서 그냥 쓰려고 합니다.소음은 생각보다 엄청 나네요,1
"26일 배송예정이었는데 생각보다 빨리 받게되어 좋았습니다. 라이젠3라 걱정을 조금했는데, 성능도 괜찮고 소음도 별로 없는 것 같습니다. 2대 구매라 합포장 되었는데 내부에 에어캡이 또 있어서 받는 기분도 좋았습니다. 앞으로도 좋은 제품 많이 파시고 사업 번창하세요",1
빠릿빠릿 하게 잘 되네요. 윈도우도 잘 깔았습니다.,1
"기다림이 길었지만, 저렴하게 좋은제품 구입했습니다.",1
"방문수령 하였고, 그 자리에서 바로 ssd 추가 해주셔서 바로 가져왔습니다! 팬소리는 조금 크나 빠릿빠릿한 성능에 아주마음에 듭니다",1
빠른배송 감사합니다.,1
총알배송중에 이런 총알 배송이 없는듯 합니다. 너무 빠른 배송 감사드립니다. 제품도 박스에 딱맞게 와서 안심이 되네요. 배송기사님도 연락도 주시고~ 정말 싸게 잘 산듯 합니다. 한 3년 뒤에 자녀에게 양도를 ㅋㅋㅋㅋ 번창하시구요~많이 파세요~,1
빨른 배송 좋은 가격..번창하세요,1
프리도스 노트북은 처음 써보는데 아주 조하~ 리뷰쓰면 사은품도 선택해서 받을 수 있는데 저는 쿨러 선택해서 받았어요 .하루 늦게 도착하긴 했는데 사진처럼 세워서 사용하면 손목이랑 눈도 더 편해지고 발열도 잡아줘서 아주 좋네요~  잘 쓰겠습니다~ 성능은  이전 컴퓨터가 너무 안 좋아서 참 좋네여,1
"AMD 노트북은 처음 구매했는데 가성비가 좋네요. 그램처럼 가볍진 않아도 예전에 사용한 노트북보다는 가볍네요.  좀 더 사용해봐야 알겠지만, 이틀 정도 사용한 것으로는 만족합니다.",1
배송은 느렸지만 이미 안내받은터라 참고 기다렸어요ㅎ 성능 좋구 인터넷 문서작업엔 더할나위 없이 좋아요. 중간에 늦어질때 문자로 피드백 주시고 판매자님도 친절합니다^^ 인터넷으로 사는거라 걱정했는데 포장도 꼼꼼하게 잘 왔구 추가로 업그레이드 한것도 잘 되서 왔어요. 좋은가격에 정말 잘 산거 같아요,1
배송은 시국이 시국이니 만큼 기다려졌어요^^그리고 배송늦는것에대해 문자로 안내해주어 잘 기둘렸어요너무 조아요.색감도조쿠기스없이 조아요.무선마우스도 너무 조으네요^^감사합니다 ♡,1
사무만볼거라 구매했는데 세일기간에 저렴하게 잘샀네요,1
"빠른 배송 감사드립니다.제품은 택배로 받았으며 외관, 내부 모두 이상없이 수령하였습니다.제품을 실제로 보니 화면으로 보는 것 보다 튼튼해 보입니다.모니터 색감이 아주 좋고, 키보드 터치감도 좋네요 ㅎㅎ",1
지금 설치쥰비하고 있어요 ㅎㅎㅎ,1
처음에 윈도우 10 64비트만 지원하는지 몰라 애 먹었으나 나중에 윈도우 10도 빨리 설치되고 화면도 깨끗하여 마음에 드네요 동봉된 안내문이 자세히 설명되어 설치에 많은 도움이 되었습니다,1
가격대비 쓸만함코로나 영향으로 제고확보가 오래걸려서 그렇지 배송은 제품 입고후 바로 됐으니 빠른편임,1
배송이 느리다고 넷상에서 불만족하는 게시글이 많아 걱정했는데 이게 웬걸 예상보다 빠르게 배송해주네요,1
노트북 성능 좋고 엄청 빨라서 전체적으로 만족합니다. 이벤트 덕분에 추가로 하드디스크도 받아서 기분 좋네요. 배송도 하루만에 오고 싸게 산것 같아서 좋네요 많이 파세요.,1
노트북 너무 좋구 이뻐요.,1
이제야 후기 작성하네요 배송 완전 빠르고 제품 맘에 듭니다.,1
직접배송으로 하고 퀵으로 받았는데요. 배송도 빠르고 제품 생각 보다 좋네요... 아주 좋음...,1
아직 개봉전입니다 위도우가 안깔려 있어서 살짝 당？c했네요 친절하게 응대해 주셔서 감사합니다,1
졸업겸 입학선물로 짱!아이가너무 좋아해요 화면도 넓어서 좋아요,1
게이밍노트북으로 오딧세이 nt850xbc-x719a 구매했습니다 가격은 많이 비싸지만 rtx 2060이 탑재된 노트북을 찾기란 쉽지않아서 결정하게됐습니다...생각보다 무겁지 않네요...많이 무거울거라 생각했는데 가볍고 디자인도 투박하지 않아요.. 너무 만족하고 추천합니다...디자인용으로 만족합니다,1
